LF,flow_x,flow_y,flow_z,parcel_size,dom_x,dom_y,dom_z,quads,rk_order,ftts,cost,rho
lf-1/lf0,128,32,32,100,64,16,16,86,4,3,26409.236,0.853533959
lf-1/lf1,128,32,32,100,64,16,16,50,4,3,30142.068,0.8396629772
lf-1/lf2,128,32,32,100,64,16,8,86,4,3,25832.975,0.8281793154
lf-1/lf3,128,32,32,100,64,16,8,50,4,3,25913.202,0.8322283307
lf-1/lf4,128,32,32,100,64,8,16,86,4,3,26059.244,0.8311355232
lf-1/lf5,128,32,32,100,64,8,16,50,4,3,26107.106,0.8446767259
lf-1/lf6,128,32,32,100,64,8,8,86,4,3,26023.964,0.815882675
lf-1/lf7,128,32,32,100,64,8,8,50,4,3,25996.319,0.8213648906
lf-1/lf8,128,32,32,100,32,16,16,86,4,3,25144.847,0.8550028679
lf-1/lf9,128,32,32,100,32,16,16,50,4,3,24950.487,0.8687499994
lf-1/lf10,128,32,32,100,32,16,8,86,4,3,25319,0.8300773
lf-1/lf11,128,32,32,100,32,16,8,50,4,3,24636.427,0.8140875823
lf-1/lf12,128,32,32,100,32,8,16,86,4,3,25158.837,0.8763410509
lf-1/lf13,128,32,32,100,32,8,16,50,4,3,25328.036,0.8386912819
lf-1/lf14,128,32,32,100,32,8,8,86,4,3,25043.405,0.8137002402
lf-1/lf15,128,32,32,100,32,8,8,50,4,3,25451.095,0.8389041357
lf-1/lf16,128,32,32,100,0,0,0,0,4,3,22037.999,0.8390921005
lf-1/lf17,128,32,32,10,64,16,16,86,4,3,26905.759,0.911721091
lf-1/lf18,128,32,32,10,64,16,16,50,4,3,27812.944,0.924679277
lf-1/lf19,128,32,32,10,64,16,8,86,4,3,26308.634,0.9383045362
lf-1/lf20,128,32,32,10,64,16,8,50,4,3,26818.952,0.918456617
lf-1/lf21,128,32,32,10,64,8,16,86,4,3,26335.113,0.9028247892
lf-1/lf22,128,32,32,10,64,8,16,50,4,3,27459.441,0.8865772503
lf-1/lf23,128,32,32,10,64,8,8,86,4,3,26339.498,0.9093913225
lf-1/lf24,128,32,32,10,64,8,8,50,4,3,26444.856,0.8991856548
lf-1/lf25,128,32,32,10,32,16,16,86,4,3,25802.877,0.9058069799
lf-1/lf26,128,32,32,10,32,16,16,50,4,3,25774.641,0.930902141
lf-1/lf27,128,32,32,10,32,16,8,86,4,3,25538.107,0.9223489504
lf-1/lf28,128,32,32,10,32,16,8,50,4,3,25544.152,0.9024743672
lf-1/lf29,128,32,32,10,32,8,16,86,4,3,25463.702,0.9040323981
lf-1/lf30,128,32,32,10,32,8,16,50,4,3,27424.527,0.8837503109
lf-1/lf31,128,32,32,10,32,8,8,86,4,3,25603.931,0.9181988901
lf-1/lf32,128,32,32,10,32,8,8,50,4,3,25289.345,0.894746067
lf-1/lf33,128,32,32,10,0,0,0,0,4,3,22030.695,0.9197845434
lf-1/lf34,128,32,16,100,64,16,16,86,4,3,25730.941,0.8617021141
lf-1/lf35,128,32,16,100,64,16,16,50,4,3,30332.299,0.9085708098
lf-1/lf36,128,32,16,100,64,16,8,86,4,3,25260.504,0.8602311646
lf-1/lf37,128,32,16,100,64,16,8,50,4,3,25205.41,0.9056041439
lf-1/lf38,128,32,16,100,64,8,16,86,4,3,25733.033,0.8915830406
lf-1/lf39,128,32,16,100,64,8,16,50,4,3,25739.35,0.8988245781
lf-1/lf40,128,32,16,100,64,8,8,86,4,3,26079.384,0.8914988965
lf-1/lf41,128,32,16,100,64,8,8,50,4,3,26054.166,0.9008590684
lf-1/lf42,128,32,16,100,32,16,16,86,4,3,24611.252,0.9048917889
lf-1/lf43,128,32,16,100,32,16,16,50,4,3,24271.098,0.9041987268
lf-1/lf44,128,32,16,100,32,16,8,86,4,3,24412.439,0.9057645435
lf-1/lf45,128,32,16,100,32,16,8,50,4,3,24823.723,0.8951066906
lf-1/lf46,128,32,16,100,32,8,16,86,4,3,24568.795,0.9136057492
lf-1/lf47,128,32,16,100,32,8,16,50,4,3,24867.401,0.8529817277
lf-1/lf48,128,32,16,100,32,8,8,86,4,3,23954.382,0.9111697005
lf-1/lf49,128,32,16,100,32,8,8,50,4,3,24494.051,0.9004555718
lf-1/lf50,128,32,16,100,0,0,0,0,4,3,21385.334,0.8939043547
lf-1/lf51,128,32,16,10,64,16,16,86,4,3,26296.52,0.9340725982
lf-1/lf52,128,32,16,10,64,16,16,50,4,3,27418.057,0.9294606997
lf-1/lf53,128,32,16,10,64,16,8,86,4,3,25933.392,0.9437065483
lf-1/lf54,128,32,16,10,64,16,8,50,4,3,25811.828,0.9537842842
lf-1/lf55,128,32,16,10,64,8,16,86,4,3,25829.657,0.9300926555
lf-1/lf56,128,32,16,10,64,8,16,50,4,3,26266.926,0.9501790485
lf-1/lf57,128,32,16,10,64,8,8,86,4,3,26009.804,0.9434371737
lf-1/lf58,128,32,16,10,64,8,8,50,4,3,25892.115,0.915670494
lf-1/lf59,128,32,16,10,32,16,16,86,4,3,25417.682,0.9228040645
lf-1/lf60,128,32,16,10,32,16,16,50,4,3,25310.741,0.9297070502
lf-1/lf61,128,32,16,10,32,16,8,86,4,3,24811.041,0.9206665754
lf-1/lf62,128,32,16,10,32,16,8,50,4,3,26361.669,0.926525015
lf-1/lf63,128,32,16,10,32,8,16,86,4,3,25061.434,0.9330823226
lf-1/lf64,128,32,16,10,32,8,16,50,4,3,25120.2,0.9460123171
lf-1/lf65,128,32,16,10,32,8,8,86,4,3,24449.722,0.92457289
lf-1/lf66,128,32,16,10,32,8,8,50,4,3,25020.26,0.9453759439
lf-1/lf67,128,32,16,10,0,0,0,0,4,3,22224.607,0.9503374953
lf-1/lf68,128,16,32,100,64,16,16,86,4,3,26250.402,0.9144591014
lf-1/lf69,128,16,32,100,64,16,16,50,4,3,29914.794,0.9056466227
lf-1/lf70,128,16,32,100,64,16,8,86,4,3,25520.894,0.9115980675
lf-1/lf71,128,16,32,100,64,16,8,50,4,3,25713.034,0.8595922285
lf-1/lf72,128,16,32,100,64,8,16,86,4,3,25541.037,0.9000298758
lf-1/lf73,128,16,32,100,64,8,16,50,4,3,25710.858,0.9346709812
lf-1/lf74,128,16,32,100,64,8,8,86,4,3,25715.281,0.8831670604
lf-1/lf75,128,16,32,100,64,8,8,50,4,3,26249.225,0.9276276266
lf-1/lf76,128,16,32,100,32,16,16,86,4,3,24976.592,0.8674410075
lf-1/lf77,128,16,32,100,32,16,16,50,4,3,25106.791,0.8696651807
lf-1/lf78,128,16,32,100,32,16,8,86,4,3,24780.366,0.904994912
lf-1/lf79,128,16,32,100,32,16,8,50,4,3,25424.649,0.8771416839
lf-1/lf80,128,16,32,100,32,8,16,86,4,3,25164.012,0.9067704536
lf-1/lf81,128,16,32,100,32,8,16,50,4,3,25064.473,0.9122910917
lf-1/lf82,128,16,32,100,32,8,8,86,4,3,23902.965,0.9244935912
lf-1/lf83,128,16,32,100,32,8,8,50,4,3,24639.752,0.8918613461
lf-1/lf84,128,16,32,100,0,0,0,0,4,3,21111.585,0.869747675
lf-1/lf85,128,16,32,10,64,16,16,86,4,3,25980.381,0.9352744109
lf-1/lf86,128,16,32,10,64,16,16,50,4,3,27041.709,0.9336015409
lf-1/lf87,128,16,32,10,64,16,8,86,4,3,25741.231,0.9341461428
lf-1/lf88,128,16,32,10,64,16,8,50,4,3,26132.384,0.9378607486
lf-1/lf89,128,16,32,10,64,8,16,86,4,3,25512.625,0.9449820496
lf-1/lf90,128,16,32,10,64,8,16,50,4,3,26575.809,0.9444710833
lf-1/lf91,128,16,32,10,64,8,8,86,4,3,26092.729,0.9465454101
lf-1/lf92,128,16,32,10,64,8,8,50,4,3,25800.605,0.9396043939
lf-1/lf93,128,16,32,10,32,16,16,86,4,3,25091.192,0.9121793113
lf-1/lf94,128,16,32,10,32,16,16,50,4,3,24956.511,0.9341063117
lf-1/lf95,128,16,32,10,32,16,8,86,4,3,24833.401,0.9442210018
lf-1/lf96,128,16,32,10,32,16,8,50,4,3,24879.679,0.9409901859
lf-1/lf97,128,16,32,10,32,8,16,86,4,3,24872.13,0.9150637389
lf-1/lf98,128,16,32,10,32,8,16,50,4,3,25506.697,0.9389313037
lf-1/lf99,128,16,32,10,32,8,8,86,4,3,24652.945,0.9428718543
lf-1/lf100,128,16,32,10,32,8,8,50,4,3,25152.334,0.9312944172
lf-1/lf101,128,16,32,10,0,0,0,0,4,3,21530.117,0.9581892724
lf-1/lf102,128,16,16,100,64,16,16,86,4,3,26244.972,0.8751786626
lf-1/lf103,128,16,16,100,64,16,16,50,4,3,30760.947,0.8851723852
lf-1/lf104,128,16,16,100,64,16,8,86,4,3,25334.946,0.8942413856
lf-1/lf105,128,16,16,100,64,16,8,50,4,3,25593.718,0.9099974759
lf-1/lf106,128,16,16,100,64,8,16,86,4,3,25428.063,0.8940518626
lf-1/lf107,128,16,16,100,64,8,16,50,4,3,25542.352,0.9229307584
lf-1/lf108,128,16,16,100,64,8,8,86,4,3,26836.335,0.8930069047
lf-1/lf109,128,16,16,100,64,8,8,50,4,3,26304.406,0.8785941634
lf-1/lf110,128,16,16,100,32,16,16,86,4,3,24469.45,0.8889434287
lf-1/lf111,128,16,16,100,32,16,16,50,4,3,24735.762,0.8959112824
lf-1/lf112,128,16,16,100,32,16,8,86,4,3,24442.565,0.8853370178
lf-1/lf113,128,16,16,100,32,16,8,50,4,3,24535.461,0.8743274634
lf-1/lf114,128,16,16,100,32,8,16,86,4,3,24377.591,0.8858289556
lf-1/lf115,128,16,16,100,32,8,16,50,4,3,25103.904,0.8929388107
lf-1/lf116,128,16,16,100,32,8,8,86,4,3,24025.393,0.9143220385
lf-1/lf117,128,16,16,100,32,8,8,50,4,3,24478.035,0.9104486615
lf-1/lf118,128,16,16,100,0,0,0,0,4,3,21599.296,0.9326326525
lf-1/lf119,128,16,16,10,64,16,16,86,4,3,26246.532,0.9060916516
lf-1/lf120,128,16,16,10,64,16,16,50,4,3,27568.543,0.9061637886
lf-1/lf121,128,16,16,10,64,16,8,86,4,3,25543.212,0.8965079578
lf-1/lf122,128,16,16,10,64,16,8,50,4,3,25931.99,0.8931708327
lf-1/lf123,128,16,16,10,64,8,16,86,4,3,25601.763,0.8751489523
lf-1/lf124,128,16,16,10,64,8,16,50,4,3,25842.133,0.917996118
lf-1/lf125,128,16,16,10,64,8,8,86,4,3,26324.892,0.9107295146
lf-1/lf126,128,16,16,10,64,8,8,50,4,3,26015.832,0.9298303385
lf-1/lf127,128,16,16,10,32,16,16,86,4,3,24891.709,0.871234477
lf-1/lf128,128,16,16,10,32,16,16,50,4,3,25049.185,0.90640763
lf-1/lf129,128,16,16,10,32,16,8,86,4,3,25376.832,0.9117982679
lf-1/lf130,128,16,16,10,32,16,8,50,4,3,26078.19,0.9182485016
lf-1/lf131,128,16,16,10,32,8,16,86,4,3,24980.417,0.876689976
lf-1/lf132,128,16,16,10,32,8,16,50,4,3,25511.014,0.9194141095
lf-1/lf133,128,16,16,10,32,8,8,86,4,3,24236.357,0.8967599909
lf-1/lf134,128,16,16,10,32,8,8,50,4,3,24780.408,0.9193351824
lf-1/lf135,128,16,16,10,0,0,0,0,4,3,21449.099,0.9208700591
lf-1/lf136,64,32,32,100,64,16,16,86,4,3,14684.296,0.8877156994
lf-1/lf137,64,32,32,100,64,16,16,50,4,3,19687.009,0.8991971307
lf-1/lf138,64,32,32,100,64,16,8,86,4,3,14343.978,0.8394532863
lf-1/lf139,64,32,32,100,64,16,8,50,4,3,14291.708,0.8116693968
lf-1/lf140,64,32,32,100,64,8,16,86,4,3,14314.139,0.8465689752
lf-1/lf141,64,32,32,100,64,8,16,50,4,3,14361.345,0.8025745682
lf-1/lf142,64,32,32,100,64,8,8,86,4,3,14541.599,0.8956309044
lf-1/lf143,64,32,32,100,64,8,8,50,4,3,14434.698,0.8703847485
lf-1/lf144,64,32,32,100,32,16,16,86,4,3,13545.7,0.8496051237
lf-1/lf145,64,32,32,100,32,16,16,50,4,3,13703.114,0.8520052299
lf-1/lf146,64,32,32,100,32,16,8,86,4,3,13337.577,0.843309135
lf-1/lf147,64,32,32,100,32,16,8,50,4,3,13327.474,0.8747430731
lf-1/lf148,64,32,32,100,32,8,16,86,4,3,13579.088,0.8634550616
lf-1/lf149,64,32,32,100,32,8,16,50,4,3,14122.954,0.8301069918
lf-1/lf150,64,32,32,100,32,8,8,86,4,3,13086.845,0.8417450112
lf-1/lf151,64,32,32,100,32,8,8,50,4,3,13250.138,0.8654390069
lf-1/lf152,64,32,32,100,0,0,0,0,4,3,10723.341,0.8374831122
lf-1/lf153,64,32,32,10,64,16,16,86,4,3,14985.002,0.8878389226
lf-1/lf154,64,32,32,10,64,16,16,50,4,3,16415.017,0.9036479408
lf-1/lf155,64,32,32,10,64,16,8,86,4,3,14342.571,0.8714061327
lf-1/lf156,64,32,32,10,64,16,8,50,4,3,14945.959,0.8747831788
lf-1/lf157,64,32,32,10,64,8,16,86,4,3,14237.036,0.8818202486
lf-1/lf158,64,32,32,10,64,8,16,50,4,3,14569.557,0.8834786754
lf-1/lf159,64,32,32,10,64,8,8,86,4,3,14808.356,0.9039775659
lf-1/lf160,64,32,32,10,64,8,8,50,4,3,14511.211,0.8744591281
lf-1/lf161,64,32,32,10,32,16,16,86,4,3,13895.236,0.8766608109
lf-1/lf162,64,32,32,10,32,16,16,50,4,3,13888.383,0.881412599
lf-1/lf163,64,32,32,10,32,16,8,86,4,3,13395.34,0.8917002766
lf-1/lf164,64,32,32,10,32,16,8,50,4,3,13913.23,0.9190750771
lf-1/lf165,64,32,32,10,32,8,16,86,4,3,13738.038,0.8984431824
lf-1/lf166,64,32,32,10,32,8,16,50,4,3,14024.526,0.8097934778
lf-1/lf167,64,32,32,10,32,8,8,86,4,3,13286.507,0.9021660417
lf-1/lf168,64,32,32,10,32,8,8,50,4,3,13413.811,0.8687406105
lf-1/lf169,64,32,32,10,0,0,0,0,4,3,11104.111,0.8718875133
lf-1/lf170,64,32,16,100,64,16,16,86,4,3,14539.916,0.9090527953
lf-1/lf171,64,32,16,100,64,16,16,50,4,3,19587.847,0.9118474067
lf-1/lf172,64,32,16,100,64,16,8,86,4,3,14123.489,0.9179781683
lf-1/lf173,64,32,16,100,64,16,8,50,4,3,14275.087,0.9392271751
lf-1/lf174,64,32,16,100,64,8,16,86,4,3,14177.245,0.9162190859
lf-1/lf175,64,32,16,100,64,8,16,50,4,3,14096.789,0.9016403717
lf-1/lf176,64,32,16,100,64,8,8,86,4,3,14284.227,0.9003537023
lf-1/lf177,64,32,16,100,64,8,8,50,4,3,14347.86,0.8964105304
lf-1/lf178,64,32,16,100,32,16,16,86,4,3,13731.857,0.8953866232
lf-1/lf179,64,32,16,100,32,16,16,50,4,3,13695.821,0.8758132338
lf-1/lf180,64,32,16,100,32,16,8,86,4,3,13515.943,0.9306001596
lf-1/lf181,64,32,16,100,32,16,8,50,4,3,13332.232,0.9297372644
lf-1/lf182,64,32,16,100,32,8,16,86,4,3,13253.566,0.9006125979
lf-1/lf183,64,32,16,100,32,8,16,50,4,3,14850.186,0.8794567631
lf-1/lf184,64,32,16,100,32,8,8,86,4,3,12798.309,0.920269506
lf-1/lf185,64,32,16,100,32,8,8,50,4,3,12936.968,0.9277169359
lf-1/lf186,64,32,16,100,0,0,0,0,4,3,10504.556,0.9275402627
lf-1/lf187,64,32,16,10,64,16,16,86,4,3,14537.25,0.9311764119
lf-1/lf188,64,32,16,10,64,16,16,50,4,3,15771.134,0.9015038213
lf-1/lf189,64,32,16,10,64,16,8,86,4,3,13934.571,0.919236957
lf-1/lf190,64,32,16,10,64,16,8,50,4,3,14518.675,0.895802365
lf-1/lf191,64,32,16,10,64,8,16,86,4,3,14150.341,0.9481774668
lf-1/lf192,64,32,16,10,64,8,16,50,4,3,14640.355,0.9217388934
lf-1/lf193,64,32,16,10,64,8,8,86,4,3,14501.793,0.9333968626
lf-1/lf194,64,32,16,10,64,8,8,50,4,3,14303.638,0.9169239505
lf-1/lf195,64,32,16,10,32,16,16,86,4,3,13504.707,0.9296656234
lf-1/lf196,64,32,16,10,32,16,16,50,4,3,13626.8,0.9186502125
lf-1/lf197,64,32,16,10,32,16,8,86,4,3,13472.142,0.8908262846
lf-1/lf198,64,32,16,10,32,16,8,50,4,3,13693.873,0.9468651829
lf-1/lf199,64,32,16,10,32,8,16,86,4,3,13295.88,0.9015418659
lf-1/lf200,64,32,16,10,32,8,16,50,4,3,14062.623,0.9127597163
lf-1/lf201,64,32,16,10,32,8,8,86,4,3,13095.907,0.938442609
lf-1/lf202,64,32,16,10,32,8,8,50,4,3,13697.831,0.9309264348
lf-1/lf203,64,32,16,10,0,0,0,0,4,3,10890.973,0.9130625713
lf-1/lf204,64,16,32,100,64,16,16,86,4,3,14271.829,0.9115806929
lf-1/lf205,64,16,32,100,64,16,16,50,4,3,19246.214,0.914972023
lf-1/lf206,64,16,32,100,64,16,8,86,4,3,14143.26,0.918857217
lf-1/lf207,64,16,32,100,64,16,8,50,4,3,14136.088,0.9275671963
lf-1/lf208,64,16,32,100,64,8,16,86,4,3,14142.009,0.9126906937
lf-1/lf209,64,16,32,100,64,8,16,50,4,3,14132.267,0.9147621259
lf-1/lf210,64,16,32,100,64,8,8,86,4,3,14324.475,0.925562139
lf-1/lf211,64,16,32,100,64,8,8,50,4,3,14344.005,0.8965799375
lf-1/lf212,64,16,32,100,32,16,16,86,4,3,13378.175,0.9059746289
lf-1/lf213,64,16,32,100,32,16,16,50,4,3,13349.75,0.9044440779
lf-1/lf214,64,16,32,100,32,16,8,86,4,3,13272.496,0.9124195462
lf-1/lf215,64,16,32,100,32,16,8,50,4,3,13397.517,0.9074655405
lf-1/lf216,64,16,32,100,32,8,16,86,4,3,13180.127,0.8927105205
lf-1/lf217,64,16,32,100,32,8,16,50,4,3,13419.425,0.9056251249
lf-1/lf218,64,16,32,100,32,8,8,86,4,3,12922.429,0.9064429055
lf-1/lf219,64,16,32,100,32,8,8,50,4,3,13391.682,0.9044876976
lf-1/lf220,64,16,32,100,0,0,0,0,4,3,10950.496,0.8778110916
lf-1/lf221,64,16,32,10,64,16,16,86,4,3,14148.012,0.9188955866
lf-1/lf222,64,16,32,10,64,16,16,50,4,3,15760.515,0.9286311617
lf-1/lf223,64,16,32,10,64,16,8,86,4,3,14004.508,0.9308367
lf-1/lf224,64,16,32,10,64,16,8,50,4,3,14336.59,0.9538896029
lf-1/lf225,64,16,32,10,64,8,16,86,4,3,14205.153,0.9138192223
lf-1/lf226,64,16,32,10,64,8,16,50,4,3,14669.454,0.9483326613
lf-1/lf227,64,16,32,10,64,8,8,86,4,3,14367.141,0.9029477564
lf-1/lf228,64,16,32,10,64,8,8,50,4,3,14477.554,0.9070682435
lf-1/lf229,64,16,32,10,32,16,16,86,4,3,13506.695,0.9025893295
lf-1/lf230,64,16,32,10,32,16,16,50,4,3,13726.281,0.932012234
lf-1/lf231,64,16,32,10,32,16,8,86,4,3,13716.331,0.9245540348
lf-1/lf232,64,16,32,10,32,16,8,50,4,3,13594.443,0.9211695072
lf-1/lf233,64,16,32,10,32,8,16,86,4,3,13510.783,0.9180113199
lf-1/lf234,64,16,32,10,32,8,16,50,4,3,13942.887,0.919551254
lf-1/lf235,64,16,32,10,32,8,8,86,4,3,13043.694,0.9181221785
lf-1/lf236,64,16,32,10,32,8,8,50,4,3,13439.146,0.9080827751
lf-1/lf237,64,16,32,10,0,0,0,0,4,3,10769.857,0.9362234504
lf-1/lf238,64,16,16,100,64,16,16,86,4,3,14384.43,0.8260218161
lf-1/lf239,64,16,16,100,64,16,16,50,4,3,20659.042,0.8747551563
lf-1/lf240,64,16,16,100,64,16,8,86,4,3,14182.431,0.8490522594
lf-1/lf241,64,16,16,100,64,16,8,50,4,3,14253.484,0.9068403302
lf-1/lf242,64,16,16,100,64,8,16,86,4,3,13852.885,0.9149574069
lf-1/lf243,64,16,16,100,64,8,16,50,4,3,14382.416,0.8361286809
lf-1/lf244,64,16,16,100,64,8,8,86,4,3,14043.809,0.8443815195
lf-1/lf245,64,16,16,100,64,8,8,50,4,3,14285.025,0.8591969403
lf-1/lf246,64,16,16,100,32,16,16,86,4,3,13368.377,0.8146578724
lf-1/lf247,64,16,16,100,32,16,16,50,4,3,13547.529,0.8549783152
lf-1/lf248,64,16,16,100,32,16,8,86,4,3,13107.718,0.8392319082
lf-1/lf249,64,16,16,100,32,16,8,50,4,3,13442.292,0.8678059064
lf-1/lf250,64,16,16,100,32,8,16,86,4,3,13058.167,0.83508526
lf-1/lf251,64,16,16,100,32,8,16,50,4,3,13651.965,0.8279610613
lf-1/lf252,64,16,16,100,32,8,8,86,4,3,13039.703,0.866051392
lf-1/lf253,64,16,16,100,32,8,8,50,4,3,13222.699,0.8588834516
lf-1/lf254,64,16,16,100,0,0,0,0,4,3,10434.958,0.7971874147
lf-1/lf255,64,16,16,10,64,16,16,86,4,3,14498.305,0.8451937146
lf-1/lf256,64,16,16,10,64,16,16,50,4,3,16575.742,0.8835176153
lf-1/lf257,64,16,16,10,64,16,8,86,4,3,14282.586,0.8421879244
lf-1/lf258,64,16,16,10,64,16,8,50,4,3,14752.404,0.8950372021
lf-1/lf259,64,16,16,10,64,8,16,86,4,3,14412.465,0.8977697539
lf-1/lf260,64,16,16,10,64,8,16,50,4,3,14359.627,0.8731895208
lf-1/lf261,64,16,16,10,64,8,8,86,4,3,14657.263,0.8215094131
lf-1/lf262,64,16,16,10,64,8,8,50,4,3,14504.098,0.8331456279
lf-1/lf263,64,16,16,10,32,16,16,86,4,3,13895.484,0.883156473
lf-1/lf264,64,16,16,10,32,16,16,50,4,3,13797.57,0.8651682323
lf-1/lf265,64,16,16,10,32,16,8,86,4,3,13513.899,0.8608239255
lf-1/lf266,64,16,16,10,32,16,8,50,4,3,13758.738,0.8856783888
lf-1/lf267,64,16,16,10,32,8,16,86,4,3,13584.4,0.8347653335
lf-1/lf268,64,16,16,10,32,8,16,50,4,3,13576.754,0.8796205045
lf-1/lf269,64,16,16,10,32,8,8,86,4,3,13234.824,0.8515575213
lf-1/lf270,64,16,16,10,32,8,8,50,4,3,13584.114,0.8825915478
lf-1/lf271,64,16,16,10,0,0,0,0,4,3,10971.383,0.8591815004
lf-2/lf0,128,32,32,100,64,16,16,86,4,2,17606.1573333333,0.8725917132
lf-2/lf1,128,32,32,100,64,16,16,50,4,2,20094.712,0.8678895994
lf-2/lf2,128,32,32,100,64,16,8,86,4,2,17221.9833333333,0.8702942095
lf-2/lf3,128,32,32,100,64,16,8,50,4,2,17275.468,0.8662147513
lf-2/lf4,128,32,32,100,64,8,16,86,4,2,17372.8293333333,0.8625360589
lf-2/lf5,128,32,32,100,64,8,16,50,4,2,17404.7373333333,0.877562382
lf-2/lf6,128,32,32,100,64,8,8,86,4,2,17349.3093333333,0.8679335583
lf-2/lf7,128,32,32,100,64,8,8,50,4,2,17330.8793333333,0.8565947198
lf-2/lf8,128,32,32,100,32,16,16,86,4,2,16763.2313333333,0.8893759729
lf-2/lf9,128,32,32,100,32,16,16,50,4,2,16633.658,0.9028363336
lf-2/lf10,128,32,32,100,32,16,8,86,4,2,16879.3333333333,0.8850632583
lf-2/lf11,128,32,32,100,32,16,8,50,4,2,16424.2846666667,0.8611429028
lf-2/lf12,128,32,32,100,32,8,16,86,4,2,16772.558,0.8938578937
lf-2/lf13,128,32,32,100,32,8,16,50,4,2,16885.3573333333,0.8605751044
lf-2/lf14,128,32,32,100,32,8,8,86,4,2,16695.6033333333,0.8732044093
lf-2/lf15,128,32,32,100,32,8,8,50,4,2,16967.3966666667,0.8717413203
lf-2/lf16,128,32,32,100,0,0,0,0,4,2,14691.9993333333,0.8851012169
lf-2/lf17,128,32,32,10,64,16,16,86,4,2,17937.1726666667,0.9297583515
lf-2/lf18,128,32,32,10,64,16,16,50,4,2,18541.9626666667,0.9339154521
lf-2/lf19,128,32,32,10,64,16,8,86,4,2,17539.0893333333,0.9376061346
lf-2/lf20,128,32,32,10,64,16,8,50,4,2,17879.3013333333,0.9266100043
lf-2/lf21,128,32,32,10,64,8,16,86,4,2,17556.742,0.9332301429
lf-2/lf22,128,32,32,10,64,8,16,50,4,2,18306.294,0.922434609
lf-2/lf23,128,32,32,10,64,8,8,86,4,2,17559.6653333333,0.9266371153
lf-2/lf24,128,32,32,10,64,8,8,50,4,2,17629.904,0.9416440874
lf-2/lf25,128,32,32,10,32,16,16,86,4,2,17201.918,0.9494858463
lf-2/lf26,128,32,32,10,32,16,16,50,4,2,17183.094,0.9351136808
lf-2/lf27,128,32,32,10,32,16,8,86,4,2,17025.4046666667,0.9478170735
lf-2/lf28,128,32,32,10,32,16,8,50,4,2,17029.4346666667,0.9311036772
lf-2/lf29,128,32,32,10,32,8,16,86,4,2,16975.8013333333,0.9301689244
lf-2/lf30,128,32,32,10,32,8,16,50,4,2,18283.018,0.9118414254
lf-2/lf31,128,32,32,10,32,8,8,86,4,2,17069.2873333333,0.9300479106
lf-2/lf32,128,32,32,10,32,8,8,50,4,2,16859.5633333333,0.9305189331
lf-2/lf33,128,32,32,10,0,0,0,0,4,2,14687.13,0.9304043367
lf-2/lf34,128,32,16,100,64,16,16,86,4,2,17153.9606666667,0.89114356
lf-2/lf35,128,32,16,100,64,16,16,50,4,2,20221.5326666667,0.9237099773
lf-2/lf36,128,32,16,100,64,16,8,86,4,2,16840.336,0.8688861894
lf-2/lf37,128,32,16,100,64,16,8,50,4,2,16803.6066666667,0.9204294776
lf-2/lf38,128,32,16,100,64,8,16,86,4,2,17155.3553333333,0.903328449
lf-2/lf39,128,32,16,100,64,8,16,50,4,2,17159.5666666667,0.9101073151
lf-2/lf40,128,32,16,100,64,8,8,86,4,2,17386.256,0.899039322
lf-2/lf41,128,32,16,100,64,8,8,50,4,2,17369.444,0.9190187357
lf-2/lf42,128,32,16,100,32,16,16,86,4,2,16407.5013333333,0.8852070955
lf-2/lf43,128,32,16,100,32,16,16,50,4,2,16180.732,0.9071307717
lf-2/lf44,128,32,16,100,32,16,8,86,4,2,16274.9593333333,0.9093491662
lf-2/lf45,128,32,16,100,32,16,8,50,4,2,16549.1486666667,0.8965014745
lf-2/lf46,128,32,16,100,32,8,16,86,4,2,16379.1966666667,0.9140320933
lf-2/lf47,128,32,16,100,32,8,16,50,4,2,16578.2673333333,0.8788136608
lf-2/lf48,128,32,16,100,32,8,8,86,4,2,15969.588,0.9041653785
lf-2/lf49,128,32,16,100,32,8,8,50,4,2,16329.3673333333,0.9158460203
lf-2/lf50,128,32,16,100,0,0,0,0,4,2,14256.8893333333,0.8848349939
lf-2/lf51,128,32,16,10,64,16,16,86,4,2,17531.0133333333,0.9345019854
lf-2/lf52,128,32,16,10,64,16,16,50,4,2,18278.7046666667,0.9357156789
lf-2/lf53,128,32,16,10,64,16,8,86,4,2,17288.928,0.9461761595
lf-2/lf54,128,32,16,10,64,16,8,50,4,2,17207.8853333333,0.9392230027
lf-2/lf55,128,32,16,10,64,8,16,86,4,2,17219.7713333333,0.9318478044
lf-2/lf56,128,32,16,10,64,8,16,50,4,2,17511.284,0.9523226697
lf-2/lf57,128,32,16,10,64,8,8,86,4,2,17339.8693333333,0.9412267386
lf-2/lf58,128,32,16,10,64,8,8,50,4,2,17261.41,0.9170402905
lf-2/lf59,128,32,16,10,32,16,16,86,4,2,16945.1213333333,0.9406215285
lf-2/lf60,128,32,16,10,32,16,16,50,4,2,16873.8273333333,0.9231376183
lf-2/lf61,128,32,16,10,32,16,8,86,4,2,16540.694,0.9428519565
lf-2/lf62,128,32,16,10,32,16,8,50,4,2,17574.446,0.928465528
lf-2/lf63,128,32,16,10,32,8,16,86,4,2,16707.6226666667,0.9266631795
lf-2/lf64,128,32,16,10,32,8,16,50,4,2,16746.8,0.9523386691
lf-2/lf65,128,32,16,10,32,8,8,86,4,2,16299.8146666667,0.939840233
lf-2/lf66,128,32,16,10,32,8,8,50,4,2,16680.1733333333,0.9432616562
lf-2/lf67,128,32,16,10,0,0,0,0,4,2,14816.4046666667,0.9494641165
lf-2/lf68,128,16,32,100,64,16,16,86,4,2,17500.268,0.9229018075
lf-2/lf69,128,16,32,100,64,16,16,50,4,2,19943.196,0.9227781262
lf-2/lf70,128,16,32,100,64,16,8,86,4,2,17013.9293333333,0.9202906767
lf-2/lf71,128,16,32,100,64,16,8,50,4,2,17142.0226666667,0.8749220052
lf-2/lf72,128,16,32,100,64,8,16,86,4,2,17027.358,0.9124584067
lf-2/lf73,128,16,32,100,64,8,16,50,4,2,17140.572,0.9405127035
lf-2/lf74,128,16,32,100,64,8,8,86,4,2,17143.5206666667,0.8969216733
lf-2/lf75,128,16,32,100,64,8,8,50,4,2,17499.4833333333,0.9158418887
lf-2/lf76,128,16,32,100,32,16,16,86,4,2,16651.0613333333,0.8609625153
lf-2/lf77,128,16,32,100,32,16,16,50,4,2,16737.8606666667,0.8926278486
lf-2/lf78,128,16,32,100,32,16,8,86,4,2,16520.244,0.9092425352
lf-2/lf79,128,16,32,100,32,16,8,50,4,2,16949.766,0.9094697277
lf-2/lf80,128,16,32,100,32,8,16,86,4,2,16776.008,0.8922427283
lf-2/lf81,128,16,32,100,32,8,16,50,4,2,16709.6486666667,0.9207106569
lf-2/lf82,128,16,32,100,32,8,8,86,4,2,15935.31,0.9166821139
lf-2/lf83,128,16,32,100,32,8,8,50,4,2,16426.5013333333,0.8939064026
lf-2/lf84,128,16,32,100,0,0,0,0,4,2,14074.39,0.855291655
lf-2/lf85,128,16,32,10,64,16,16,86,4,2,17320.254,0.9213672631
lf-2/lf86,128,16,32,10,64,16,16,50,4,2,18027.806,0.9404637684
lf-2/lf87,128,16,32,10,64,16,8,86,4,2,17160.8206666667,0.9363264327
lf-2/lf88,128,16,32,10,64,16,8,50,4,2,17421.5893333333,0.9339236989
lf-2/lf89,128,16,32,10,64,8,16,86,4,2,17008.4166666667,0.9309231566
lf-2/lf90,128,16,32,10,64,8,16,50,4,2,17717.206,0.9356378849
lf-2/lf91,128,16,32,10,64,8,8,86,4,2,17395.1526666667,0.9396017377
lf-2/lf92,128,16,32,10,64,8,8,50,4,2,17200.4033333333,0.9484155177
lf-2/lf93,128,16,32,10,32,16,16,86,4,2,16727.4613333333,0.9100871062
lf-2/lf94,128,16,32,10,32,16,16,50,4,2,16637.674,0.9421471991
lf-2/lf95,128,16,32,10,32,16,8,86,4,2,16555.6006666667,0.9416727869
lf-2/lf96,128,16,32,10,32,16,8,50,4,2,16586.4526666667,0.9301591946
lf-2/lf97,128,16,32,10,32,8,16,86,4,2,16581.42,0.9090608316
lf-2/lf98,128,16,32,10,32,8,16,50,4,2,17004.4646666667,0.9495185855
lf-2/lf99,128,16,32,10,32,8,8,86,4,2,16435.2966666667,0.9335675627
lf-2/lf100,128,16,32,10,32,8,8,50,4,2,16768.2226666667,0.9166971923
lf-2/lf101,128,16,32,10,0,0,0,0,4,2,14353.4113333333,0.9532309338
lf-2/lf102,128,16,16,100,64,16,16,86,4,2,17496.648,0.8495347111
lf-2/lf103,128,16,16,100,64,16,16,50,4,2,20507.298,0.8749261477
lf-2/lf104,128,16,16,100,64,16,8,86,4,2,16889.964,0.8963984236
lf-2/lf105,128,16,16,100,64,16,8,50,4,2,17062.4786666667,0.8918152282
lf-2/lf106,128,16,16,100,64,8,16,86,4,2,16952.042,0.8977585245
lf-2/lf107,128,16,16,100,64,8,16,50,4,2,17028.2346666667,0.8926797399
lf-2/lf108,128,16,16,100,64,8,8,86,4,2,17890.89,0.8541345726
lf-2/lf109,128,16,16,100,64,8,8,50,4,2,17536.2706666667,0.861368103
lf-2/lf110,128,16,16,100,32,16,16,86,4,2,16312.9666666667,0.8733901018
lf-2/lf111,128,16,16,100,32,16,16,50,4,2,16490.508,0.8890245832
lf-2/lf112,128,16,16,100,32,16,8,86,4,2,16295.0433333333,0.8862160674
lf-2/lf113,128,16,16,100,32,16,8,50,4,2,16356.974,0.8627001381
lf-2/lf114,128,16,16,100,32,8,16,86,4,2,16251.7273333333,0.8756631275
lf-2/lf115,128,16,16,100,32,8,16,50,4,2,16735.936,0.8680794838
lf-2/lf116,128,16,16,100,32,8,8,86,4,2,16016.9286666667,0.8852058162
lf-2/lf117,128,16,16,100,32,8,8,50,4,2,16318.69,0.929679413
lf-2/lf118,128,16,16,100,0,0,0,0,4,2,14399.5306666667,0.9195153399
lf-2/lf119,128,16,16,10,64,16,16,86,4,2,17497.688,0.9103998051
lf-2/lf120,128,16,16,10,64,16,16,50,4,2,18379.0286666667,0.8855611688
lf-2/lf121,128,16,16,10,64,16,8,86,4,2,17028.808,0.9003503268
lf-2/lf122,128,16,16,10,64,16,8,50,4,2,17287.9933333333,0.8772175182
lf-2/lf123,128,16,16,10,64,8,16,86,4,2,17067.842,0.8587700636
lf-2/lf124,128,16,16,10,64,8,16,50,4,2,17228.0886666667,0.895009609
lf-2/lf125,128,16,16,10,64,8,8,86,4,2,17549.928,0.8931219166
lf-2/lf126,128,16,16,10,64,8,8,50,4,2,17343.888,0.9186936999
lf-2/lf127,128,16,16,10,32,16,16,86,4,2,16594.4726666667,0.8778200655
lf-2/lf128,128,16,16,10,32,16,16,50,4,2,16699.4566666667,0.9033914764
lf-2/lf129,128,16,16,10,32,16,8,86,4,2,16917.888,0.8950207682
lf-2/lf130,128,16,16,10,32,16,8,50,4,2,17385.46,0.9238588907
lf-2/lf131,128,16,16,10,32,8,16,86,4,2,16653.6113333333,0.8652585344
lf-2/lf132,128,16,16,10,32,8,16,50,4,2,17007.3426666667,0.9069286353
lf-2/lf133,128,16,16,10,32,8,8,86,4,2,16157.5713333333,0.8785948591
lf-2/lf134,128,16,16,10,32,8,8,50,4,2,16520.272,0.8902791178
lf-2/lf135,128,16,16,10,0,0,0,0,4,2,14299.3993333333,0.8963261543
lf-2/lf136,64,32,32,100,64,16,16,86,4,2,9789.5306666667,0.8875890908
lf-2/lf137,64,32,32,100,64,16,16,50,4,2,13124.6726666667,0.8941196582
lf-2/lf138,64,32,32,100,64,16,8,86,4,2,9562.652,0.9041970199
lf-2/lf139,64,32,32,100,64,16,8,50,4,2,9527.8053333333,0.8589098267
lf-2/lf140,64,32,32,100,64,8,16,86,4,2,9542.7593333333,0.8622983566
lf-2/lf141,64,32,32,100,64,8,16,50,4,2,9574.23,0.8809708695
lf-2/lf142,64,32,32,100,64,8,8,86,4,2,9694.3993333333,0.874301796
lf-2/lf143,64,32,32,100,64,8,8,50,4,2,9623.132,0.9049631163
lf-2/lf144,64,32,32,100,32,16,16,86,4,2,9030.4666666667,0.8938846613
lf-2/lf145,64,32,32,100,32,16,16,50,4,2,9135.4093333333,0.8812162335
lf-2/lf146,64,32,32,100,32,16,8,86,4,2,8891.718,0.8683230901
lf-2/lf147,64,32,32,100,32,16,8,50,4,2,8884.9826666667,0.9069843472
lf-2/lf148,64,32,32,100,32,8,16,86,4,2,9052.7253333333,0.8975935339
lf-2/lf149,64,32,32,100,32,8,16,50,4,2,9415.3026666667,0.8528555102
lf-2/lf150,64,32,32,100,32,8,8,86,4,2,8724.5633333333,0.8617907699
lf-2/lf151,64,32,32,100,32,8,8,50,4,2,8833.4253333333,0.8742986608
lf-2/lf152,64,32,32,100,0,0,0,0,4,2,7148.894,0.8498505604
lf-2/lf153,64,32,32,10,64,16,16,86,4,2,9990.0013333333,0.9136674554
lf-2/lf154,64,32,32,10,64,16,16,50,4,2,10943.3446666667,0.9132595002
lf-2/lf155,64,32,32,10,64,16,8,86,4,2,9561.714,0.9025653391
lf-2/lf156,64,32,32,10,64,16,8,50,4,2,9963.9726666667,0.8840942392
lf-2/lf157,64,32,32,10,64,8,16,86,4,2,9491.3573333333,0.890005652
lf-2/lf158,64,32,32,10,64,8,16,50,4,2,9713.038,0.9438955279
lf-2/lf159,64,32,32,10,64,8,8,86,4,2,9872.2373333333,0.909303136
lf-2/lf160,64,32,32,10,64,8,8,50,4,2,9674.1406666667,0.8907445559
lf-2/lf161,64,32,32,10,32,16,16,86,4,2,9263.4906666667,0.9022440911
lf-2/lf162,64,32,32,10,32,16,16,50,4,2,9258.922,0.9067599279
lf-2/lf163,64,32,32,10,32,16,8,86,4,2,8930.2266666667,0.9162628688
lf-2/lf164,64,32,32,10,32,16,8,50,4,2,9275.4866666667,0.9354198367
lf-2/lf165,64,32,32,10,32,8,16,86,4,2,9158.692,0.915757486
lf-2/lf166,64,32,32,10,32,8,16,50,4,2,9349.684,0.8505892182
lf-2/lf167,64,32,32,10,32,8,8,86,4,2,8857.6713333333,0.9211374915
lf-2/lf168,64,32,32,10,32,8,8,50,4,2,8942.5406666667,0.9190823672
lf-2/lf169,64,32,32,10,0,0,0,0,4,2,7402.7406666667,0.8857961741
lf-2/lf170,64,32,16,100,64,16,16,86,4,2,9693.2773333333,0.9140251826
lf-2/lf171,64,32,16,100,64,16,16,50,4,2,13058.5646666667,0.9329915469
lf-2/lf172,64,32,16,100,64,16,8,86,4,2,9415.6593333333,0.9323090889
lf-2/lf173,64,32,16,100,64,16,8,50,4,2,9516.7246666667,0.9440675852
lf-2/lf174,64,32,16,100,64,8,16,86,4,2,9451.4966666667,0.9053283365
lf-2/lf175,64,32,16,100,64,8,16,50,4,2,9397.8593333333,0.9103723521
lf-2/lf176,64,32,16,100,64,8,8,86,4,2,9522.818,0.9177898061
lf-2/lf177,64,32,16,100,64,8,8,50,4,2,9565.24,0.884870761
lf-2/lf178,64,32,16,100,32,16,16,86,4,2,9154.5713333333,0.8932989863
lf-2/lf179,64,32,16,100,32,16,16,50,4,2,9130.5473333333,0.8730692445
lf-2/lf180,64,32,16,100,32,16,8,86,4,2,9010.6286666667,0.935719548
lf-2/lf181,64,32,16,100,32,16,8,50,4,2,8888.1546666667,0.915272141
lf-2/lf182,64,32,16,100,32,8,16,86,4,2,8835.7106666667,0.9224458435
lf-2/lf183,64,32,16,100,32,8,16,50,4,2,9900.124,0.8638133716
lf-2/lf184,64,32,16,100,32,8,8,86,4,2,8532.206,0.9198667923
lf-2/lf185,64,32,16,100,32,8,8,50,4,2,8624.6453333333,0.9319235815
lf-2/lf186,64,32,16,100,0,0,0,0,4,2,7003.0373333333,0.9292024699
lf-2/lf187,64,32,16,10,64,16,16,86,4,2,9691.5,0.9261858221
lf-2/lf188,64,32,16,10,64,16,16,50,4,2,10514.0893333333,0.9268058516
lf-2/lf189,64,32,16,10,64,16,8,86,4,2,9289.714,0.9287300164
lf-2/lf190,64,32,16,10,64,16,8,50,4,2,9679.1166666667,0.9188183997
lf-2/lf191,64,32,16,10,64,8,16,86,4,2,9433.5606666667,0.9153568448
lf-2/lf192,64,32,16,10,64,8,16,50,4,2,9760.2366666667,0.9292295409
lf-2/lf193,64,32,16,10,64,8,8,86,4,2,9667.862,0.9486075109
lf-2/lf194,64,32,16,10,64,8,8,50,4,2,9535.7586666667,0.8989950226
lf-2/lf195,64,32,16,10,32,16,16,86,4,2,9003.138,0.9329293689
lf-2/lf196,64,32,16,10,32,16,16,50,4,2,9084.5333333333,0.9211026189
lf-2/lf197,64,32,16,10,32,16,8,86,4,2,8981.428,0.9234930349
lf-2/lf198,64,32,16,10,32,16,8,50,4,2,9129.2486666667,0.9594307968
lf-2/lf199,64,32,16,10,32,8,16,86,4,2,8863.92,0.9176503856
lf-2/lf200,64,32,16,10,32,8,16,50,4,2,9375.082,0.9133741585
lf-2/lf201,64,32,16,10,32,8,8,86,4,2,8730.6046666667,0.9382890535
lf-2/lf202,64,32,16,10,32,8,8,50,4,2,9131.8873333333,0.9276532363
lf-2/lf203,64,32,16,10,0,0,0,0,4,2,7260.6486666667,0.9012181946
lf-2/lf204,64,16,32,100,64,16,16,86,4,2,9514.5526666667,0.9222723273
lf-2/lf205,64,16,32,100,64,16,16,50,4,2,12830.8093333333,0.9206334104
lf-2/lf206,64,16,32,100,64,16,8,86,4,2,9428.84,0.9313046945
lf-2/lf207,64,16,32,100,64,16,8,50,4,2,9424.0586666667,0.9395425677
lf-2/lf208,64,16,32,100,64,8,16,86,4,2,9428.006,0.929398299
lf-2/lf209,64,16,32,100,64,8,16,50,4,2,9421.5113333333,0.9110910295
lf-2/lf210,64,16,32,100,64,8,8,86,4,2,9549.65,0.9132436808
lf-2/lf211,64,16,32,100,64,8,8,50,4,2,9562.67,0.920613479
lf-2/lf212,64,16,32,100,32,16,16,86,4,2,8918.7833333333,0.910465035
lf-2/lf213,64,16,32,100,32,16,16,50,4,2,8899.8333333333,0.90167474
lf-2/lf214,64,16,32,100,32,16,8,86,4,2,8848.3306666667,0.9121428419
lf-2/lf215,64,16,32,100,32,16,8,50,4,2,8931.678,0.9292471307
lf-2/lf216,64,16,32,100,32,8,16,86,4,2,8786.7513333333,0.8981241444
lf-2/lf217,64,16,32,100,32,8,16,50,4,2,8946.2833333333,0.9314914975
lf-2/lf218,64,16,32,100,32,8,8,86,4,2,8614.9526666667,0.9156406261
lf-2/lf219,64,16,32,100,32,8,8,50,4,2,8927.788,0.9270305566
lf-2/lf220,64,16,32,100,0,0,0,0,4,2,7300.3306666667,0.9042657351
lf-2/lf221,64,16,32,10,64,16,16,86,4,2,9432.008,0.9306475743
lf-2/lf222,64,16,32,10,64,16,16,50,4,2,10507.01,0.9329304317
lf-2/lf223,64,16,32,10,64,16,8,86,4,2,9336.3386666667,0.9332613245
lf-2/lf224,64,16,32,10,64,16,8,50,4,2,9557.7266666667,0.9483457681
lf-2/lf225,64,16,32,10,64,8,16,86,4,2,9470.102,0.9116384861
lf-2/lf226,64,16,32,10,64,8,16,50,4,2,9779.636,0.9534998064
lf-2/lf227,64,16,32,10,64,8,8,86,4,2,9578.094,0.9149472646
lf-2/lf228,64,16,32,10,64,8,8,50,4,2,9651.7026666667,0.9221020827
lf-2/lf229,64,16,32,10,32,16,16,86,4,2,9004.4633333333,0.9221088629
lf-2/lf230,64,16,32,10,32,16,16,50,4,2,9150.854,0.936216724
lf-2/lf231,64,16,32,10,32,16,8,86,4,2,9144.2206666667,0.9073617357
lf-2/lf232,64,16,32,10,32,16,8,50,4,2,9062.962,0.9183775782
lf-2/lf233,64,16,32,10,32,8,16,86,4,2,9007.1886666667,0.9160638247
lf-2/lf234,64,16,32,10,32,8,16,50,4,2,9295.258,0.938078911
lf-2/lf235,64,16,32,10,32,8,8,86,4,2,8695.796,0.896514322
lf-2/lf236,64,16,32,10,32,8,8,50,4,2,8959.4306666667,0.9243541316
lf-2/lf237,64,16,32,10,0,0,0,0,4,2,7179.9046666667,0.9327118161
lf-2/lf238,64,16,16,100,64,16,16,86,4,2,9589.62,0.8267741012
lf-2/lf239,64,16,16,100,64,16,16,50,4,2,13772.6946666667,0.8572708237
lf-2/lf240,64,16,16,100,64,16,8,86,4,2,9454.954,0.776638183
lf-2/lf241,64,16,16,100,64,16,8,50,4,2,9502.3226666667,0.9127817998
lf-2/lf242,64,16,16,100,64,8,16,86,4,2,9235.2566666667,0.8913951868
lf-2/lf243,64,16,16,100,64,8,16,50,4,2,9588.2773333333,0.8493984179
lf-2/lf244,64,16,16,100,64,8,8,86,4,2,9362.5393333333,0.8093197608
lf-2/lf245,64,16,16,100,64,8,8,50,4,2,9523.35,0.8311940948
lf-2/lf246,64,16,16,100,32,16,16,86,4,2,8912.2513333333,0.7818007282
lf-2/lf247,64,16,16,100,32,16,16,50,4,2,9031.686,0.8580737435
lf-2/lf248,64,16,16,100,32,16,8,86,4,2,8738.4786666667,0.842484948
lf-2/lf249,64,16,16,100,32,16,8,50,4,2,8961.528,0.8418801791
lf-2/lf250,64,16,16,100,32,8,16,86,4,2,8705.4446666667,0.8783388027
lf-2/lf251,64,16,16,100,32,8,16,50,4,2,9101.31,0.7783056599
lf-2/lf252,64,16,16,100,32,8,8,86,4,2,8693.1353333333,0.8774776801
lf-2/lf253,64,16,16,100,32,8,8,50,4,2,8815.1326666667,0.8325926759
lf-2/lf254,64,16,16,100,0,0,0,0,4,2,6956.6386666667,0.8093268529
lf-2/lf255,64,16,16,10,64,16,16,86,4,2,9665.5366666667,0.8562800773
lf-2/lf256,64,16,16,10,64,16,16,50,4,2,11050.4946666667,0.8526261191
lf-2/lf257,64,16,16,10,64,16,8,86,4,2,9521.724,0.8702018501
lf-2/lf258,64,16,16,10,64,16,8,50,4,2,9834.936,0.8455425351
lf-2/lf259,64,16,16,10,64,8,16,86,4,2,9608.31,0.8805941455
lf-2/lf260,64,16,16,10,64,8,16,50,4,2,9573.0846666667,0.8235376374
lf-2/lf261,64,16,16,10,64,8,8,86,4,2,9771.5086666667,0.8555096943
lf-2/lf262,64,16,16,10,64,8,8,50,4,2,9669.3986666667,0.8244049824
lf-2/lf263,64,16,16,10,32,16,16,86,4,2,9263.656,0.8502374694
lf-2/lf264,64,16,16,10,32,16,16,50,4,2,9198.38,0.8623183655
lf-2/lf265,64,16,16,10,32,16,8,86,4,2,9009.266,0.8552813976
lf-2/lf266,64,16,16,10,32,16,8,50,4,2,9172.492,0.9003945568
lf-2/lf267,64,16,16,10,32,8,16,86,4,2,9056.2666666667,0.8433410384
lf-2/lf268,64,16,16,10,32,8,16,50,4,2,9051.1693333333,0.8592080007
lf-2/lf269,64,16,16,10,32,8,8,86,4,2,8823.216,0.7796669804
lf-2/lf270,64,16,16,10,32,8,8,50,4,2,9056.076,0.8845286569
lf-2/lf271,64,16,16,10,0,0,0,0,4,2,7314.2553333333,0.825868087
lf-4/lf0,128,32,32,100,64,16,16,86,3,3,22465.621,0.8677053819
lf-4/lf1,128,32,32,100,64,16,16,50,3,3,24369.19,0.8435344379
lf-4/lf2,128,32,32,100,64,16,8,86,3,3,21742.482,0.8358664743
lf-4/lf3,128,32,32,100,64,16,8,50,3,3,22086.514,0.8576666516
lf-4/lf4,128,32,32,100,64,8,16,86,3,3,22057.461,0.8372803151
lf-4/lf5,128,32,32,100,64,8,16,50,3,3,21959.238,0.8444826985
lf-4/lf6,128,32,32,100,64,8,8,86,3,3,21843.389,0.8105561271
lf-4/lf7,128,32,32,100,64,8,8,50,3,3,22010.294,0.807404391
lf-4/lf8,128,32,32,100,32,16,16,86,3,3,21823.267,0.8366298588
lf-4/lf9,128,32,32,100,32,16,16,50,3,3,21420.201,0.8032350912
lf-4/lf10,128,32,32,100,32,16,8,86,3,3,21135.753,0.839520111
lf-4/lf11,128,32,32,100,32,16,8,50,3,3,21509.158,0.8264435083
lf-4/lf12,128,32,32,100,32,8,16,86,3,3,21236.477,0.8422595874
lf-4/lf13,128,32,32,100,32,8,16,50,3,3,21474.62,0.8472475371
lf-4/lf14,128,32,32,100,32,8,8,86,3,3,21405.443,0.8304063538
lf-4/lf15,128,32,32,100,32,8,8,50,3,3,20852.025,0.8257723739
lf-4/lf16,128,32,32,100,0,0,0,0,3,3,20395.842,0.8518342508
lf-4/lf17,128,32,32,10,64,16,16,86,3,3,22675.668,0.8747402685
lf-4/lf18,128,32,32,10,64,16,16,50,3,3,22550.447,0.9018876073
lf-4/lf19,128,32,32,10,64,16,8,86,3,3,22293.359,0.8947796296
lf-4/lf20,128,32,32,10,64,16,8,50,3,3,22112.263,0.8816024962
lf-4/lf21,128,32,32,10,64,8,16,86,3,3,22118.341,0.8924653106
lf-4/lf22,128,32,32,10,64,8,16,50,3,3,22246.867,0.9124827475
lf-4/lf23,128,32,32,10,64,8,8,86,3,3,22065.79,0.9167304964
lf-4/lf24,128,32,32,10,64,8,8,50,3,3,21942.065,0.9215721
lf-4/lf25,128,32,32,10,32,16,16,86,3,3,21407.468,0.9391772294
lf-4/lf26,128,32,32,10,32,16,16,50,3,3,21804.285,0.9059404956
lf-4/lf27,128,32,32,10,32,16,8,86,3,3,21285.087,0.9015765968
lf-4/lf28,128,32,32,10,32,16,8,50,3,3,21499.203,0.879435126
lf-4/lf29,128,32,32,10,32,8,16,86,3,3,21794.686,0.9320430141
lf-4/lf30,128,32,32,10,32,8,16,50,3,3,21714.077,0.9027176286
lf-4/lf31,128,32,32,10,32,8,8,86,3,3,20465.181,0.8875928135
lf-4/lf32,128,32,32,10,32,8,8,50,3,3,20503.024,0.9134054175
lf-4/lf33,128,32,32,10,0,0,0,0,3,3,18790.139,0.919619588
lf-4/lf34,128,32,16,100,64,16,16,86,3,3,22397.897,0.8684224711
lf-4/lf35,128,32,16,100,64,16,16,50,3,3,24811.158,0.9318072905
lf-4/lf36,128,32,16,100,64,16,8,86,3,3,21443.231,0.8903212348
lf-4/lf37,128,32,16,100,64,16,8,50,3,3,21734.272,0.9130279902
lf-4/lf38,128,32,16,100,64,8,16,86,3,3,21804.27,0.9156917114
lf-4/lf39,128,32,16,100,64,8,16,50,3,3,19522.467,0.903461952
lf-4/lf40,128,32,16,100,64,8,8,86,3,3,19063.593,0.9266931211
lf-4/lf41,128,32,16,100,64,8,8,50,3,3,19343.477,0.914036335
lf-4/lf42,128,32,16,100,32,16,16,86,3,3,18829.114,0.8898754963
lf-4/lf43,128,32,16,100,32,16,16,50,3,3,18922.696,0.9093623777
lf-4/lf44,128,32,16,100,32,16,8,86,3,3,19388.254,0.8633983396
lf-4/lf45,128,32,16,100,32,16,8,50,3,3,18612.397,0.9027429685
lf-4/lf46,128,32,16,100,32,8,16,86,3,3,19891.134,0.8868914985
lf-4/lf47,128,32,16,100,32,8,16,50,3,3,19822.18,0.9172579405
lf-4/lf48,128,32,16,100,32,8,8,86,3,3,19484.03,0.904293303
lf-4/lf49,128,32,16,100,32,8,8,50,3,3,19004.389,0.9212734524
lf-4/lf50,128,32,16,100,0,0,0,0,3,3,17589.977,0.9291495123
lf-4/lf51,128,32,16,10,64,16,16,86,3,3,19366.756,0.9392816734
lf-4/lf52,128,32,16,10,64,16,16,50,3,3,19839.827,0.9509925205
lf-4/lf53,128,32,16,10,64,16,8,86,3,3,18150.027,0.9155502816
lf-4/lf54,128,32,16,10,64,16,8,50,3,3,19464.072,0.9283963272
lf-4/lf55,128,32,16,10,64,8,16,86,3,3,21648.757,0.9307777658
lf-4/lf56,128,32,16,10,64,8,16,50,3,3,21822.945,0.9289976073
lf-4/lf57,128,32,16,10,64,8,8,86,3,3,21548.182,0.9374333467
lf-4/lf58,128,32,16,10,64,8,8,50,3,3,21754.326,0.9471855057
lf-4/lf59,128,32,16,10,32,16,16,86,3,3,21425.471,0.9453818766
lf-4/lf60,128,32,16,10,32,16,16,50,3,3,21189.895,0.9472997711
lf-4/lf61,128,32,16,10,32,16,8,86,3,3,21138.02,0.9301876398
lf-4/lf62,128,32,16,10,32,16,8,50,3,3,21295.913,0.9481870698
lf-4/lf63,128,32,16,10,32,8,16,86,3,3,21243.846,0.9307439976
lf-4/lf64,128,32,16,10,32,8,16,50,3,3,21288.438,0.9432295438
lf-4/lf65,128,32,16,10,32,8,8,86,3,3,21125.014,0.9481921785
lf-4/lf66,128,32,16,10,32,8,8,50,3,3,21109.366,0.9290099738
lf-4/lf67,128,32,16,10,0,0,0,0,3,3,20292.059,0.9132919281
lf-4/lf68,128,16,32,100,64,16,16,86,3,3,22159.799,0.8776303811
lf-4/lf69,128,16,32,100,64,16,16,50,3,3,24505.203,0.9159192752
lf-4/lf70,128,16,32,100,64,16,8,86,3,3,21779.915,0.92209526
lf-4/lf71,128,16,32,100,64,16,8,50,3,3,21812.74,0.8853446788
lf-4/lf72,128,16,32,100,64,8,16,86,3,3,21821.157,0.9167763421
lf-4/lf73,128,16,32,100,64,8,16,50,3,3,21873.337,0.9131648355
lf-4/lf74,128,16,32,100,64,8,8,86,3,3,21359.605,0.9101802696
lf-4/lf75,128,16,32,100,64,8,8,50,3,3,21581.754,0.8995611313
lf-4/lf76,128,16,32,100,32,16,16,86,3,3,22005.477,0.8742136094
lf-4/lf77,128,16,32,100,32,16,16,50,3,3,21616.987,0.9100614675
lf-4/lf78,128,16,32,100,32,16,8,86,3,3,21137.632,0.8767871711
lf-4/lf79,128,16,32,100,32,16,8,50,3,3,21058.943,0.8989739711
lf-4/lf80,128,16,32,100,32,8,16,86,3,3,21731.051,0.8977250047
lf-4/lf81,128,16,32,100,32,8,16,50,3,3,21619.182,0.8892295797
lf-4/lf82,128,16,32,100,32,8,8,86,3,3,21369.821,0.9016508284
lf-4/lf83,128,16,32,100,32,8,8,50,3,3,21023.529,0.8975427786
lf-4/lf84,128,16,32,100,0,0,0,0,3,3,20018.565,0.9207560381
lf-4/lf85,128,16,32,10,64,16,16,86,3,3,22101.021,0.9343131664
lf-4/lf86,128,16,32,10,64,16,16,50,3,3,22403.746,0.9394201179
lf-4/lf87,128,16,32,10,64,16,8,86,3,3,22138.499,0.9148279051
lf-4/lf88,128,16,32,10,64,16,8,50,3,3,22027.101,0.9370290104
lf-4/lf89,128,16,32,10,64,8,16,86,3,3,21861.416,0.930889148
lf-4/lf90,128,16,32,10,64,8,16,50,3,3,21998.145,0.9369908477
lf-4/lf91,128,16,32,10,64,8,8,86,3,3,22180.772,0.9391806897
lf-4/lf92,128,16,32,10,64,8,8,50,3,3,21542.801,0.9233922437
lf-4/lf93,128,16,32,10,32,16,16,86,3,3,21659.634,0.9436877562
lf-4/lf94,128,16,32,10,32,16,16,50,3,3,21398.478,0.9388148898
lf-4/lf95,128,16,32,10,32,16,8,86,3,3,21409.06,0.9236019799
lf-4/lf96,128,16,32,10,32,16,8,50,3,3,21128.413,0.9399017343
lf-4/lf97,128,16,32,10,32,8,16,86,3,3,21729.96,0.931462131
lf-4/lf98,128,16,32,10,32,8,16,50,3,3,21483.81,0.9232409603
lf-4/lf99,128,16,32,10,32,8,8,86,3,3,21129.292,0.9332843646
lf-4/lf100,128,16,32,10,32,8,8,50,3,3,21426.075,0.9417898636
lf-4/lf101,128,16,32,10,0,0,0,0,3,3,19959.985,0.9122002739
lf-4/lf102,128,16,16,100,64,16,16,86,3,3,21893.798,0.9150791819
lf-4/lf103,128,16,16,100,64,16,16,50,3,3,25233.065,0.8871945568
lf-4/lf104,128,16,16,100,64,16,8,86,3,3,21624.574,0.89191353
lf-4/lf105,128,16,16,100,64,16,8,50,3,3,21943.475,0.9099946531
lf-4/lf106,128,16,16,100,64,8,16,86,3,3,22064.152,0.8832674907
lf-4/lf107,128,16,16,100,64,8,16,50,3,3,21932.53,0.8353928769
lf-4/lf108,128,16,16,100,64,8,8,86,3,3,21790.991,0.8733727509
lf-4/lf109,128,16,16,100,64,8,8,50,3,3,21375.65,0.8795075064
lf-4/lf110,128,16,16,100,32,16,16,86,3,3,21412.934,0.9268925782
lf-4/lf111,128,16,16,100,32,16,16,50,3,3,21463.352,0.9194463574
lf-4/lf112,128,16,16,100,32,16,8,86,3,3,20283.206,0.8717007561
lf-4/lf113,128,16,16,100,32,16,8,50,3,3,20195.81,0.8713908085
lf-4/lf114,128,16,16,100,32,8,16,86,3,3,19947.913,0.8719776354
lf-4/lf115,128,16,16,100,32,8,16,50,3,3,19990.418,0.905962529
lf-4/lf116,128,16,16,100,32,8,8,86,3,3,19908.712,0.9066901474
lf-4/lf117,128,16,16,100,32,8,8,50,3,3,19743.811,0.854936165
lf-4/lf118,128,16,16,100,0,0,0,0,3,3,18669.691,0.9210254411
lf-4/lf119,128,16,16,10,64,16,16,86,3,3,20836.902,0.9041670091
lf-4/lf120,128,16,16,10,64,16,16,50,3,3,20865.474,0.9253669757
lf-4/lf121,128,16,16,10,64,16,8,86,3,3,20260.278,0.8965405762
lf-4/lf122,128,16,16,10,64,16,8,50,3,3,20276.713,0.8988034713
lf-4/lf123,128,16,16,10,64,8,16,86,3,3,20855.963,0.9082858207
lf-4/lf124,128,16,16,10,64,8,16,50,3,3,20436.753,0.9172361218
lf-4/lf125,128,16,16,10,64,8,8,86,3,3,20133.115,0.8867948317
lf-4/lf126,128,16,16,10,64,8,8,50,3,3,20276.306,0.9045797739
lf-4/lf127,128,16,16,10,32,16,16,86,3,3,20056.743,0.8915128707
lf-4/lf128,128,16,16,10,32,16,16,50,3,3,20419.031,0.8965696039
lf-4/lf129,128,16,16,10,32,16,8,86,3,3,19779.427,0.9032652362
lf-4/lf130,128,16,16,10,32,16,8,50,3,3,19862.535,0.9017913634
lf-4/lf131,128,16,16,10,32,8,16,86,3,3,19996.149,0.9017986977
lf-4/lf132,128,16,16,10,32,8,16,50,3,3,19984.93,0.8633519357
lf-4/lf133,128,16,16,10,32,8,8,86,3,3,19638.604,0.8848071072
lf-4/lf134,128,16,16,10,32,8,8,50,3,3,19621.847,0.9067179445
lf-4/lf135,128,16,16,10,0,0,0,0,3,3,18399.522,0.902639484
lf-4/lf136,64,32,32,100,64,16,16,86,3,3,12310.154,0.7844447852
lf-4/lf137,64,32,32,100,64,16,16,50,3,3,15196.269,0.8472896847
lf-4/lf138,64,32,32,100,64,16,8,86,3,3,11880.613,0.817047642
lf-4/lf139,64,32,32,100,64,16,8,50,3,3,11805.539,0.8411902219
lf-4/lf140,64,32,32,100,64,8,16,86,3,3,11902.661,0.8511864655
lf-4/lf141,64,32,32,100,64,8,16,50,3,3,11583.852,0.8935370339
lf-4/lf142,64,32,32,100,64,8,8,86,3,3,10400.871,0.8712205451
lf-4/lf143,64,32,32,100,64,8,8,50,3,3,10662.093,0.853804098
lf-4/lf144,64,32,32,100,32,16,16,86,3,3,10480.048,0.8615702466
lf-4/lf145,64,32,32,100,32,16,16,50,3,3,10238.656,0.8840663298
lf-4/lf146,64,32,32,100,32,16,8,86,3,3,9588.406,0.8218558683
lf-4/lf147,64,32,32,100,32,16,8,50,3,3,9960.495,0.8640858162
lf-4/lf148,64,32,32,100,32,8,16,86,3,3,10301.397,0.8791915482
lf-4/lf149,64,32,32,100,32,8,16,50,3,3,9859.817,0.8199888159
lf-4/lf150,64,32,32,100,32,8,8,86,3,3,11116.368,0.8132795467
lf-4/lf151,64,32,32,100,32,8,8,50,3,3,10910.277,0.8254326088
lf-4/lf152,64,32,32,100,0,0,0,0,3,3,9900.671,0.8576752063
lf-4/lf153,64,32,32,10,64,16,16,86,3,3,12320.648,0.8998382056
lf-4/lf154,64,32,32,10,64,16,16,50,3,3,12835.931,0.88850631
lf-4/lf155,64,32,32,10,64,16,8,86,3,3,11707.071,0.8497372746
lf-4/lf156,64,32,32,10,64,16,8,50,3,3,11882.197,0.8491025642
lf-4/lf157,64,32,32,10,64,8,16,86,3,3,12010.534,0.8878556413
lf-4/lf158,64,32,32,10,64,8,16,50,3,3,11848.124,0.9005728802
lf-4/lf159,64,32,32,10,64,8,8,86,3,3,11673.553,0.9268427904
lf-4/lf160,64,32,32,10,64,8,8,50,3,3,11621.181,0.9214404542
lf-4/lf161,64,32,32,10,32,16,16,86,3,3,11451.308,0.8807682485
lf-4/lf162,64,32,32,10,32,16,16,50,3,3,11488.818,0.9006211472
lf-4/lf163,64,32,32,10,32,16,8,86,3,3,11234.647,0.9186957277
lf-4/lf164,64,32,32,10,32,16,8,50,3,3,11157.422,0.9321604389
lf-4/lf165,64,32,32,10,32,8,16,86,3,3,11612.8,0.8980778645
lf-4/lf166,64,32,32,10,32,8,16,50,3,3,11542.173,0.9160597557
lf-4/lf167,64,32,32,10,32,8,8,86,3,3,11043.29,0.8911149601
lf-4/lf168,64,32,32,10,32,8,8,50,3,3,11324.089,0.8784888005
lf-4/lf169,64,32,32,10,0,0,0,0,3,3,9977.005,0.9094260021
lf-4/lf170,64,32,16,100,64,16,16,86,3,3,12319.254,0.8708954715
lf-4/lf171,64,32,16,100,64,16,16,50,3,3,15836.705,0.9251592171
lf-4/lf172,64,32,16,100,64,16,8,86,3,3,11902.949,0.9008734649
lf-4/lf173,64,32,16,100,64,16,8,50,3,3,11806.676,0.9019759639
lf-4/lf174,64,32,16,100,64,8,16,86,3,3,11816.927,0.8650116035
lf-4/lf175,64,32,16,100,64,8,16,50,3,3,11865.38,0.9074757663
lf-4/lf176,64,32,16,100,64,8,8,86,3,3,11583.69,0.918493558
lf-4/lf177,64,32,16,100,64,8,8,50,3,3,11420.278,0.9194914042
lf-4/lf178,64,32,16,100,32,16,16,86,3,3,11548.764,0.9005474945
lf-4/lf179,64,32,16,100,32,16,16,50,3,3,11366.913,0.9158638577
lf-4/lf180,64,32,16,100,32,16,8,86,3,3,11156.162,0.8964661116
lf-4/lf181,64,32,16,100,32,16,8,50,3,3,10955.169,0.9233877036
lf-4/lf182,64,32,16,100,32,8,16,86,3,3,11323.716,0.9115036781
lf-4/lf183,64,32,16,100,32,8,16,50,3,3,11357.928,0.8949444386
lf-4/lf184,64,32,16,100,32,8,8,86,3,3,11015.243,0.9117438521
lf-4/lf185,64,32,16,100,32,8,8,50,3,3,10918.757,0.9190075171
lf-4/lf186,64,32,16,100,0,0,0,0,3,3,10035.367,0.8994834559
lf-4/lf187,64,32,16,10,64,16,16,86,3,3,12279.656,0.9363233674
lf-4/lf188,64,32,16,10,64,16,16,50,3,3,12578.042,0.9176632707
lf-4/lf189,64,32,16,10,64,16,8,86,3,3,11670.865,0.925218524
lf-4/lf190,64,32,16,10,64,16,8,50,3,3,11878.196,0.9082357342
lf-4/lf191,64,32,16,10,64,8,16,86,3,3,11859.012,0.9385862776
lf-4/lf192,64,32,16,10,64,8,16,50,3,3,12148.626,0.9255878118
lf-4/lf193,64,32,16,10,64,8,8,86,3,3,11617.291,0.9518009473
lf-4/lf194,64,32,16,10,64,8,8,50,3,3,11767.577,0.9259752642
lf-4/lf195,64,32,16,10,32,16,16,86,3,3,11712.913,0.89396242
lf-4/lf196,64,32,16,10,32,16,16,50,3,3,11516.815,0.9141168307
lf-4/lf197,64,32,16,10,32,16,8,86,3,3,11392.913,0.9042631188
lf-4/lf198,64,32,16,10,32,16,8,50,3,3,11404.154,0.936118109
lf-4/lf199,64,32,16,10,32,8,16,86,3,3,11192.917,0.9311956267
lf-4/lf200,64,32,16,10,32,8,16,50,3,3,11290.728,0.9464466807
lf-4/lf201,64,32,16,10,32,8,8,86,3,3,11120.251,0.9325604057
lf-4/lf202,64,32,16,10,32,8,8,50,3,3,10958.621,0.9387172103
lf-4/lf203,64,32,16,10,0,0,0,0,3,3,10027.073,0.9139158966
lf-4/lf204,64,16,32,100,64,16,16,86,3,3,12169.142,0.9011891234
lf-4/lf205,64,16,32,100,64,16,16,50,3,3,15909.043,0.8883389063
lf-4/lf206,64,16,32,100,64,16,8,86,3,3,11725.763,0.8859802589
lf-4/lf207,64,16,32,100,64,16,8,50,3,3,11820.52,0.9292407414
lf-4/lf208,64,16,32,100,64,8,16,86,3,3,11902.04,0.8901687674
lf-4/lf209,64,16,32,100,64,8,16,50,3,3,11923.221,0.8948383581
lf-4/lf210,64,16,32,100,64,8,8,86,3,3,11561.407,0.8763334557
lf-4/lf211,64,16,32,100,64,8,8,50,3,3,11532.558,0.9392201953
lf-4/lf212,64,16,32,100,32,16,16,86,3,3,11445.261,0.9283304038
lf-4/lf213,64,16,32,100,32,16,16,50,3,3,11493.17,0.8886910065
lf-4/lf214,64,16,32,100,32,16,8,86,3,3,10628.895,0.9207350314
lf-4/lf215,64,16,32,100,32,16,8,50,3,3,10804.231,0.8949027992
lf-4/lf216,64,16,32,100,32,8,16,86,3,3,10580.136,0.9286111262
lf-4/lf217,64,16,32,100,32,8,16,50,3,3,10637.818,0.9302263125
lf-4/lf218,64,16,32,100,32,8,8,86,3,3,10368.498,0.9128003184
lf-4/lf219,64,16,32,100,32,8,8,50,3,3,10044.992,0.8850584566
lf-4/lf220,64,16,32,100,0,0,0,0,3,3,9133.862,0.9305302232
lf-4/lf221,64,16,32,10,64,16,16,86,3,3,10982.26,0.9199503871
lf-4/lf222,64,16,32,10,64,16,16,50,3,3,11261.62,0.9034669741
lf-4/lf223,64,16,32,10,64,16,8,86,3,3,10673.053,0.9105800611
lf-4/lf224,64,16,32,10,64,16,8,50,3,3,10828.864,0.9042647742
lf-4/lf225,64,16,32,10,64,8,16,86,3,3,11074.982,0.9182068308
lf-4/lf226,64,16,32,10,64,8,16,50,3,3,10884.681,0.919073249
lf-4/lf227,64,16,32,10,64,8,8,86,3,3,10723.964,0.9178062927
lf-4/lf228,64,16,32,10,64,8,8,50,3,3,10878.856,0.9317705598
lf-4/lf229,64,16,32,10,32,16,16,86,3,3,10406.422,0.9211944477
lf-4/lf230,64,16,32,10,32,16,16,50,3,3,10098.939,0.9036899568
lf-4/lf231,64,16,32,10,32,16,8,86,3,3,10393.779,0.893293593
lf-4/lf232,64,16,32,10,32,16,8,50,3,3,10032.896,0.9242848376
lf-4/lf233,64,16,32,10,32,8,16,86,3,3,10282.057,0.9280646745
lf-4/lf234,64,16,32,10,32,8,16,50,3,3,9987.737,0.9525829746
lf-4/lf235,64,16,32,10,32,8,8,86,3,3,10123.574,0.9485890824
lf-4/lf236,64,16,32,10,32,8,8,50,3,3,9868.075,0.9253308001
lf-4/lf237,64,16,32,10,0,0,0,0,3,3,8895.65,0.9155424364
lf-4/lf238,64,16,16,100,64,16,16,86,3,3,11244.267,0.8206203854
lf-4/lf239,64,16,16,100,64,16,16,50,3,3,15533.159,0.83929051
lf-4/lf240,64,16,16,100,64,16,8,86,3,3,10961.945,0.8216260052
lf-4/lf241,64,16,16,100,64,16,8,50,3,3,10976.308,0.904272476
lf-4/lf242,64,16,16,100,64,8,16,86,3,3,10580.513,0.8882361018
lf-4/lf243,64,16,16,100,64,8,16,50,3,3,10914.121,0.8846439416
lf-4/lf244,64,16,16,100,64,8,8,86,3,3,10636.993,0.8768986311
lf-4/lf245,64,16,16,100,64,8,8,50,3,3,10208.799,0.8386688904
lf-4/lf246,64,16,16,100,32,16,16,86,3,3,9676.997,0.8877888896
lf-4/lf247,64,16,16,100,32,16,16,50,3,3,10683.185,0.855518632
lf-4/lf248,64,16,16,100,32,16,8,86,3,3,10082.69,0.815330559
lf-4/lf249,64,16,16,100,32,16,8,50,3,3,10298.701,0.8599398046
lf-4/lf250,64,16,16,100,32,8,16,86,3,3,10044.714,0.9116746419
lf-4/lf251,64,16,16,100,32,8,16,50,3,3,10307.292,0.8305680426
lf-4/lf252,64,16,16,100,32,8,8,86,3,3,9492.718,0.8506286126
lf-4/lf253,64,16,16,100,32,8,8,50,3,3,10082.888,0.8590554598
lf-4/lf254,64,16,16,100,0,0,0,0,3,3,9743.345,0.8042371477
lf-4/lf255,64,16,16,10,64,16,16,86,3,3,12166.971,0.8375363658
lf-4/lf256,64,16,16,10,64,16,16,50,3,3,11866.775,0.8709054539
lf-4/lf257,64,16,16,10,64,16,8,86,3,3,10724.563,0.8328841931
lf-4/lf258,64,16,16,10,64,16,8,50,3,3,11908.412,0.8067674949
lf-4/lf259,64,16,16,10,64,8,16,86,3,3,10650.407,0.8990818503
lf-4/lf260,64,16,16,10,64,8,16,50,3,3,11899.694,0.8297368674
lf-4/lf261,64,16,16,10,64,8,8,86,3,3,10577.415,0.8431682897
lf-4/lf262,64,16,16,10,64,8,8,50,3,3,10922.147,0.8416143988
lf-4/lf263,64,16,16,10,32,16,16,86,3,3,11431.251,0.8222980695
lf-4/lf264,64,16,16,10,32,16,16,50,3,3,11736.909,0.875397953
lf-4/lf265,64,16,16,10,32,16,8,86,3,3,11412.306,0.8574943371
lf-4/lf266,64,16,16,10,32,16,8,50,3,3,10559.81,0.848837946
lf-4/lf267,64,16,16,10,32,8,16,86,3,3,11561.715,0.8532974063
lf-4/lf268,64,16,16,10,32,8,16,50,3,3,10794.827,0.847917667
lf-4/lf269,64,16,16,10,32,8,8,86,3,3,11095.995,0.8702217782
lf-4/lf270,64,16,16,10,32,8,8,50,3,3,11014.21,0.8258142948
lf-4/lf271,64,16,16,10,0,0,0,0,3,3,9459.398,0.8011099141
lf-6/lf0,128,32,32,100,64,16,16,86,3,2,14977.0806666667,0.8860889134
lf-6/lf1,128,32,32,100,64,16,16,50,3,2,16246.1266666667,0.8502226688
lf-6/lf2,128,32,32,100,64,16,8,86,3,2,14494.988,0.8515508142
lf-6/lf3,128,32,32,100,64,16,8,50,3,2,14724.3426666667,0.8803717782
lf-6/lf4,128,32,32,100,64,8,16,86,3,2,14704.974,0.8598318281
lf-6/lf5,128,32,32,100,64,8,16,50,3,2,14639.492,0.8763665427
lf-6/lf6,128,32,32,100,64,8,8,86,3,2,14562.2593333333,0.8895612267
lf-6/lf7,128,32,32,100,64,8,8,50,3,2,14673.5293333333,0.8396090234
lf-6/lf8,128,32,32,100,32,16,16,86,3,2,14548.8446666667,0.8953683488
lf-6/lf9,128,32,32,100,32,16,16,50,3,2,14280.134,0.8717762252
lf-6/lf10,128,32,32,100,32,16,8,86,3,2,14090.502,0.8724813337
lf-6/lf11,128,32,32,100,32,16,8,50,3,2,14339.4386666667,0.8630896715
lf-6/lf12,128,32,32,100,32,8,16,86,3,2,14157.6513333333,0.8697260966
lf-6/lf13,128,32,32,100,32,8,16,50,3,2,14316.4133333333,0.8600656643
lf-6/lf14,128,32,32,100,32,8,8,86,3,2,14270.2953333333,0.8430572055
lf-6/lf15,128,32,32,100,32,8,8,50,3,2,13901.35,0.86863369
lf-6/lf16,128,32,32,100,0,0,0,0,3,2,13597.228,0.8668786679
lf-6/lf17,128,32,32,10,64,16,16,86,3,2,15117.112,0.9308411263
lf-6/lf18,128,32,32,10,64,16,16,50,3,2,15033.6313333333,0.9248537958
lf-6/lf19,128,32,32,10,64,16,8,86,3,2,14862.2393333333,0.9378424302
lf-6/lf20,128,32,32,10,64,16,8,50,3,2,14741.5086666667,0.932318029
lf-6/lf21,128,32,32,10,64,8,16,86,3,2,14745.5606666667,0.9351427159
lf-6/lf22,128,32,32,10,64,8,16,50,3,2,14831.2446666667,0.9417989075
lf-6/lf23,128,32,32,10,64,8,8,86,3,2,14710.5266666667,0.9469641801
lf-6/lf24,128,32,32,10,64,8,8,50,3,2,14628.0433333333,0.9208693059
lf-6/lf25,128,32,32,10,32,16,16,86,3,2,14271.6453333333,0.9366405033
lf-6/lf26,128,32,32,10,32,16,16,50,3,2,14536.19,0.9295987363
lf-6/lf27,128,32,32,10,32,16,8,86,3,2,14190.058,0.9343584511
lf-6/lf28,128,32,32,10,32,16,8,50,3,2,14332.802,0.9449820247
lf-6/lf29,128,32,32,10,32,8,16,86,3,2,14529.7906666667,0.9353389274
lf-6/lf30,128,32,32,10,32,8,16,50,3,2,14476.0513333333,0.9180939791
lf-6/lf31,128,32,32,10,32,8,8,86,3,2,13643.454,0.9246091012
lf-6/lf32,128,32,32,10,32,8,8,50,3,2,13668.6826666667,0.9490325404
lf-6/lf33,128,32,32,10,0,0,0,0,3,2,12526.7593333333,0.9241936003
lf-6/lf34,128,32,16,100,64,16,16,86,3,2,14931.9313333333,0.9048138901
lf-6/lf35,128,32,16,100,64,16,16,50,3,2,16540.772,0.9271134117
lf-6/lf36,128,32,16,100,64,16,8,86,3,2,14295.4873333333,0.9173369401
lf-6/lf37,128,32,16,100,64,16,8,50,3,2,14489.5146666667,0.9183625705
lf-6/lf38,128,32,16,100,64,8,16,86,3,2,14536.18,0.8981648157
lf-6/lf39,128,32,16,100,64,8,16,50,3,2,13014.978,0.9036039698
lf-6/lf40,128,32,16,100,64,8,8,86,3,2,12709.062,0.9344572594
lf-6/lf41,128,32,16,100,64,8,8,50,3,2,12895.6513333333,0.9098103315
lf-6/lf42,128,32,16,100,32,16,16,86,3,2,12552.7426666667,0.8918346827
lf-6/lf43,128,32,16,100,32,16,16,50,3,2,12615.1306666667,0.9007074893
lf-6/lf44,128,32,16,100,32,16,8,86,3,2,12925.5026666667,0.8740287311
lf-6/lf45,128,32,16,100,32,16,8,50,3,2,12408.2646666667,0.8959678441
lf-6/lf46,128,32,16,100,32,8,16,86,3,2,13260.756,0.8907421198
lf-6/lf47,128,32,16,100,32,8,16,50,3,2,13214.7866666667,0.9184809679
lf-6/lf48,128,32,16,100,32,8,8,86,3,2,12989.3533333333,0.9260576621
lf-6/lf49,128,32,16,100,32,8,8,50,3,2,12669.5926666667,0.9209554111
lf-6/lf50,128,32,16,100,0,0,0,0,3,2,11726.6513333333,0.9273064005
lf-6/lf51,128,32,16,10,64,16,16,86,3,2,12911.1706666667,0.9398400165
lf-6/lf52,128,32,16,10,64,16,16,50,3,2,13226.5513333333,0.9613196981
lf-6/lf53,128,32,16,10,64,16,8,86,3,2,12100.018,0.9201719489
lf-6/lf54,128,32,16,10,64,16,8,50,3,2,12976.048,0.9130294786
lf-6/lf55,128,32,16,10,64,8,16,86,3,2,14432.5046666667,0.9464284311
lf-6/lf56,128,32,16,10,64,8,16,50,3,2,14548.63,0.950303523
lf-6/lf57,128,32,16,10,64,8,8,86,3,2,14365.4546666667,0.9413947148
lf-6/lf58,128,32,16,10,64,8,8,50,3,2,14502.884,0.9385827614
lf-6/lf59,128,32,16,10,32,16,16,86,3,2,14283.6473333333,0.9308586542
lf-6/lf60,128,32,16,10,32,16,16,50,3,2,14126.5966666667,0.9469184728
lf-6/lf61,128,32,16,10,32,16,8,86,3,2,14092.0133333333,0.9305336181
lf-6/lf62,128,32,16,10,32,16,8,50,3,2,14197.2753333333,0.9543150495
lf-6/lf63,128,32,16,10,32,8,16,86,3,2,14162.564,0.9454881681
lf-6/lf64,128,32,16,10,32,8,16,50,3,2,14192.292,0.9418592912
lf-6/lf65,128,32,16,10,32,8,8,86,3,2,14083.3426666667,0.9577803954
lf-6/lf66,128,32,16,10,32,8,8,50,3,2,14072.9106666667,0.9218258473
lf-6/lf67,128,32,16,10,0,0,0,0,3,2,13528.0393333333,0.9229783501
lf-6/lf68,128,16,32,100,64,16,16,86,3,2,14773.1993333333,0.8767445624
lf-6/lf69,128,16,32,100,64,16,16,50,3,2,16336.802,0.905212638
lf-6/lf70,128,16,32,100,64,16,8,86,3,2,14519.9433333333,0.9089639638
lf-6/lf71,128,16,32,100,64,16,8,50,3,2,14541.8266666667,0.8909371023
lf-6/lf72,128,16,32,100,64,8,16,86,3,2,14547.438,0.9215247692
lf-6/lf73,128,16,32,100,64,8,16,50,3,2,14582.2246666667,0.9172620193
lf-6/lf74,128,16,32,100,64,8,8,86,3,2,14239.7366666667,0.9263879512
lf-6/lf75,128,16,32,100,64,8,8,50,3,2,14387.836,0.9049220149
lf-6/lf76,128,16,32,100,32,16,16,86,3,2,14670.318,0.8964499131
lf-6/lf77,128,16,32,100,32,16,16,50,3,2,14411.3246666667,0.9018680544
lf-6/lf78,128,16,32,100,32,16,8,86,3,2,14091.7546666667,0.8591383535
lf-6/lf79,128,16,32,100,32,16,8,50,3,2,14039.2953333333,0.9055524517
lf-6/lf80,128,16,32,100,32,8,16,86,3,2,14487.3673333333,0.8963121995
lf-6/lf81,128,16,32,100,32,8,16,50,3,2,14412.788,0.8879108618
lf-6/lf82,128,16,32,100,32,8,8,86,3,2,14246.5473333333,0.8921178147
lf-6/lf83,128,16,32,100,32,8,8,50,3,2,14015.686,0.9053224448
lf-6/lf84,128,16,32,100,0,0,0,0,3,2,13345.71,0.9280060453
lf-6/lf85,128,16,32,10,64,16,16,86,3,2,14734.014,0.933155201
lf-6/lf86,128,16,32,10,64,16,16,50,3,2,14935.8306666667,0.9213930895
lf-6/lf87,128,16,32,10,64,16,8,86,3,2,14758.9993333333,0.9291399704
lf-6/lf88,128,16,32,10,64,16,8,50,3,2,14684.734,0.9277976341
lf-6/lf89,128,16,32,10,64,8,16,86,3,2,14574.2773333333,0.9360911513
lf-6/lf90,128,16,32,10,64,8,16,50,3,2,14665.43,0.9470571426
lf-6/lf91,128,16,32,10,64,8,8,86,3,2,14787.1813333333,0.9468874589
lf-6/lf92,128,16,32,10,64,8,8,50,3,2,14361.8673333333,0.9293279089
lf-6/lf93,128,16,32,10,32,16,16,86,3,2,14439.756,0.9416895502
lf-6/lf94,128,16,32,10,32,16,16,50,3,2,14265.652,0.923997524
lf-6/lf95,128,16,32,10,32,16,8,86,3,2,14272.7066666667,0.9226678637
lf-6/lf96,128,16,32,10,32,16,8,50,3,2,14085.6086666667,0.9474789461
lf-6/lf97,128,16,32,10,32,8,16,86,3,2,14486.64,0.9390301245
lf-6/lf98,128,16,32,10,32,8,16,50,3,2,14322.54,0.9351856189
lf-6/lf99,128,16,32,10,32,8,8,86,3,2,14086.1946666667,0.9308318664
lf-6/lf100,128,16,32,10,32,8,8,50,3,2,14284.05,0.930578901
lf-6/lf101,128,16,32,10,0,0,0,0,3,2,13306.6566666667,0.9109293463
lf-6/lf102,128,16,16,100,64,16,16,86,3,2,14595.8653333333,0.8783226165
lf-6/lf103,128,16,16,100,64,16,16,50,3,2,16822.0433333333,0.8977335732
lf-6/lf104,128,16,16,100,64,16,8,86,3,2,14416.3826666667,0.878986071
lf-6/lf105,128,16,16,100,64,16,8,50,3,2,14628.9833333333,0.8758520507
lf-6/lf106,128,16,16,100,64,8,16,86,3,2,14709.4346666667,0.8603311858
lf-6/lf107,128,16,16,100,64,8,16,50,3,2,14621.6866666667,0.8457230767
lf-6/lf108,128,16,16,100,64,8,8,86,3,2,14527.3273333333,0.8789035393
lf-6/lf109,128,16,16,100,64,8,8,50,3,2,14250.4333333333,0.8743984233
lf-6/lf110,128,16,16,100,32,16,16,86,3,2,14275.2893333333,0.9014238632
lf-6/lf111,128,16,16,100,32,16,16,50,3,2,14308.9013333333,0.9013835835
lf-6/lf112,128,16,16,100,32,16,8,86,3,2,13522.1373333333,0.8810575831
lf-6/lf113,128,16,16,100,32,16,8,50,3,2,13463.8733333333,0.8803622065
lf-6/lf114,128,16,16,100,32,8,16,86,3,2,13298.6086666667,0.8876285996
lf-6/lf115,128,16,16,100,32,8,16,50,3,2,13326.9453333333,0.8896533387
lf-6/lf116,128,16,16,100,32,8,8,86,3,2,13272.4746666667,0.8713057723
lf-6/lf117,128,16,16,100,32,8,8,50,3,2,13162.5406666667,0.8835786671
lf-6/lf118,128,16,16,100,0,0,0,0,3,2,12446.4606666667,0.9081748947
lf-6/lf119,128,16,16,10,64,16,16,86,3,2,13891.268,0.8889231696
lf-6/lf120,128,16,16,10,64,16,16,50,3,2,13910.316,0.9094109083
lf-6/lf121,128,16,16,10,64,16,8,86,3,2,13506.852,0.9125730582
lf-6/lf122,128,16,16,10,64,16,8,50,3,2,13517.8086666667,0.9284054508
lf-6/lf123,128,16,16,10,64,8,16,86,3,2,13903.9753333333,0.9149265511
lf-6/lf124,128,16,16,10,64,8,16,50,3,2,13624.502,0.9208520861
lf-6/lf125,128,16,16,10,64,8,8,86,3,2,13422.0766666667,0.9053135919
lf-6/lf126,128,16,16,10,64,8,8,50,3,2,13517.5373333333,0.9011259899
lf-6/lf127,128,16,16,10,32,16,16,86,3,2,13371.162,0.8904264779
lf-6/lf128,128,16,16,10,32,16,16,50,3,2,13612.6873333333,0.9060987565
lf-6/lf129,128,16,16,10,32,16,8,86,3,2,13186.2846666667,0.8915699044
lf-6/lf130,128,16,16,10,32,16,8,50,3,2,13241.69,0.8894711514
lf-6/lf131,128,16,16,10,32,8,16,86,3,2,13330.766,0.8971269397
lf-6/lf132,128,16,16,10,32,8,16,50,3,2,13323.2866666667,0.8659652673
lf-6/lf133,128,16,16,10,32,8,8,86,3,2,13092.4026666667,0.8474963643
lf-6/lf134,128,16,16,10,32,8,8,50,3,2,13081.2313333333,0.8841966232
lf-6/lf135,128,16,16,10,0,0,0,0,3,2,12266.348,0.898465469
lf-6/lf136,64,32,32,100,64,16,16,86,3,2,8206.7693333333,0.858648738
lf-6/lf137,64,32,32,100,64,16,16,50,3,2,10130.846,0.8970172936
lf-6/lf138,64,32,32,100,64,16,8,86,3,2,7920.4086666667,0.8673043458
lf-6/lf139,64,32,32,100,64,16,8,50,3,2,7870.3593333333,0.8665160466
lf-6/lf140,64,32,32,100,64,8,16,86,3,2,7935.1073333333,0.8949814569
lf-6/lf141,64,32,32,100,64,8,16,50,3,2,7722.568,0.9080225396
lf-6/lf142,64,32,32,100,64,8,8,86,3,2,6933.914,0.8853724072
lf-6/lf143,64,32,32,100,64,8,8,50,3,2,7108.062,0.8923072448
lf-6/lf144,64,32,32,100,32,16,16,86,3,2,6986.6986666667,0.8922596509
lf-6/lf145,64,32,32,100,32,16,16,50,3,2,6825.7706666667,0.918732875
lf-6/lf146,64,32,32,100,32,16,8,86,3,2,6392.2706666667,0.8738585615
lf-6/lf147,64,32,32,100,32,16,8,50,3,2,6640.33,0.8932025103
lf-6/lf148,64,32,32,100,32,8,16,86,3,2,6867.598,0.9219354649
lf-6/lf149,64,32,32,100,32,8,16,50,3,2,6573.2113333333,0.8997777456
lf-6/lf150,64,32,32,100,32,8,8,86,3,2,7410.912,0.846838212
lf-6/lf151,64,32,32,100,32,8,8,50,3,2,7273.518,0.8469684085
lf-6/lf152,64,32,32,100,0,0,0,0,3,2,6600.4473333333,0.866976467
lf-6/lf153,64,32,32,10,64,16,16,86,3,2,8213.7653333333,0.9155630964
lf-6/lf154,64,32,32,10,64,16,16,50,3,2,8557.2873333333,0.9224892054
lf-6/lf155,64,32,32,10,64,16,8,86,3,2,7804.714,0.9176998907
lf-6/lf156,64,32,32,10,64,16,8,50,3,2,7921.4646666667,0.9274631471
lf-6/lf157,64,32,32,10,64,8,16,86,3,2,8007.0226666667,0.9283403467
lf-6/lf158,64,32,32,10,64,8,16,50,3,2,7898.7493333333,0.9150493863
lf-6/lf159,64,32,32,10,64,8,8,86,3,2,7782.3686666667,0.9436927543
lf-6/lf160,64,32,32,10,64,8,8,50,3,2,7747.454,0.9287381979
lf-6/lf161,64,32,32,10,32,16,16,86,3,2,7634.2053333333,0.9175369999
lf-6/lf162,64,32,32,10,32,16,16,50,3,2,7659.212,0.932808669
lf-6/lf163,64,32,32,10,32,16,8,86,3,2,7489.7646666667,0.9323995728
lf-6/lf164,64,32,32,10,32,16,8,50,3,2,7438.2813333333,0.9450898813
lf-6/lf165,64,32,32,10,32,8,16,86,3,2,7741.8666666667,0.9106650131
lf-6/lf166,64,32,32,10,32,8,16,50,3,2,7694.782,0.9422065225
lf-6/lf167,64,32,32,10,32,8,8,86,3,2,7362.1933333333,0.9209835355
lf-6/lf168,64,32,32,10,32,8,8,50,3,2,7549.3926666667,0.9178647454
lf-6/lf169,64,32,32,10,0,0,0,0,3,2,6651.3366666667,0.9422585751
lf-6/lf170,64,32,16,100,64,16,16,86,3,2,8212.836,0.8794533462
lf-6/lf171,64,32,16,100,64,16,16,50,3,2,10557.8033333333,0.9226525654
lf-6/lf172,64,32,16,100,64,16,8,86,3,2,7935.2993333333,0.9179104519
lf-6/lf173,64,32,16,100,64,16,8,50,3,2,7871.1173333333,0.9102361837
lf-6/lf174,64,32,16,100,64,8,16,86,3,2,7877.9513333333,0.8937698303
lf-6/lf175,64,32,16,100,64,8,16,50,3,2,7910.2533333333,0.9093407925
lf-6/lf176,64,32,16,100,64,8,8,86,3,2,7722.46,0.9396409943
lf-6/lf177,64,32,16,100,64,8,8,50,3,2,7613.5186666667,0.9027305423
lf-6/lf178,64,32,16,100,32,16,16,86,3,2,7699.176,0.8773211773
lf-6/lf179,64,32,16,100,32,16,16,50,3,2,7577.942,0.9296011637
lf-6/lf180,64,32,16,100,32,16,8,86,3,2,7437.4413333333,0.9331741686
lf-6/lf181,64,32,16,100,32,16,8,50,3,2,7303.446,0.9151005607
lf-6/lf182,64,32,16,100,32,8,16,86,3,2,7549.144,0.9197256443
lf-6/lf183,64,32,16,100,32,8,16,50,3,2,7571.952,0.8958272605
lf-6/lf184,64,32,16,100,32,8,8,86,3,2,7343.4953333333,0.9102333164
lf-6/lf185,64,32,16,100,32,8,8,50,3,2,7279.1713333333,0.8968390845
lf-6/lf186,64,32,16,100,0,0,0,0,3,2,6690.2446666667,0.8962087783
lf-6/lf187,64,32,16,10,64,16,16,86,3,2,8186.4373333333,0.9370379211
lf-6/lf188,64,32,16,10,64,16,16,50,3,2,8385.3613333333,0.910567902
lf-6/lf189,64,32,16,10,64,16,8,86,3,2,7780.5766666667,0.9412728759
lf-6/lf190,64,32,16,10,64,16,8,50,3,2,7918.7973333333,0.9309144539
lf-6/lf191,64,32,16,10,64,8,16,86,3,2,7906.008,0.9187217608
lf-6/lf192,64,32,16,10,64,8,16,50,3,2,8099.084,0.9248391197
lf-6/lf193,64,32,16,10,64,8,8,86,3,2,7744.8606666667,0.9360547649
lf-6/lf194,64,32,16,10,64,8,8,50,3,2,7845.0513333333,0.9127235781
lf-6/lf195,64,32,16,10,32,16,16,86,3,2,7808.6086666667,0.908125173
lf-6/lf196,64,32,16,10,32,16,16,50,3,2,7677.8766666667,0.9330536928
lf-6/lf197,64,32,16,10,32,16,8,86,3,2,7595.2753333333,0.9206453539
lf-6/lf198,64,32,16,10,32,16,8,50,3,2,7602.7693333333,0.9366594334
lf-6/lf199,64,32,16,10,32,8,16,86,3,2,7461.9446666667,0.9155001635
lf-6/lf200,64,32,16,10,32,8,16,50,3,2,7527.152,0.9382831099
lf-6/lf201,64,32,16,10,32,8,8,86,3,2,7413.5006666667,0.9323369428
lf-6/lf202,64,32,16,10,32,8,8,50,3,2,7305.7473333333,0.9613161708
lf-6/lf203,64,32,16,10,0,0,0,0,3,2,6684.7153333333,0.9426764027
lf-6/lf204,64,16,32,100,64,16,16,86,3,2,8112.7613333333,0.8898300366
lf-6/lf205,64,16,32,100,64,16,16,50,3,2,10606.0286666667,0.8916747329
lf-6/lf206,64,16,32,100,64,16,8,86,3,2,7817.1753333333,0.9187455318
lf-6/lf207,64,16,32,100,64,16,8,50,3,2,7880.3466666667,0.9028926343
lf-6/lf208,64,16,32,100,64,8,16,86,3,2,7934.6933333333,0.9135617843
lf-6/lf209,64,16,32,100,64,8,16,50,3,2,7948.814,0.9021849395
lf-6/lf210,64,16,32,100,64,8,8,86,3,2,7707.6046666667,0.8905283726
lf-6/lf211,64,16,32,100,64,8,8,50,3,2,7688.372,0.9441101201
lf-6/lf212,64,16,32,100,32,16,16,86,3,2,7630.174,0.9255858974
lf-6/lf213,64,16,32,100,32,16,16,50,3,2,7662.1133333333,0.9050973195
lf-6/lf214,64,16,32,100,32,16,8,86,3,2,7085.93,0.9231255505
lf-6/lf215,64,16,32,100,32,16,8,50,3,2,7202.8206666667,0.8819747274
lf-6/lf216,64,16,32,100,32,8,16,86,3,2,7053.424,0.9359957649
lf-6/lf217,64,16,32,100,32,8,16,50,3,2,7091.8786666667,0.9196604852
lf-6/lf218,64,16,32,100,32,8,8,86,3,2,6912.332,0.9199920188
lf-6/lf219,64,16,32,100,32,8,8,50,3,2,6696.6613333333,0.8683186672
lf-6/lf220,64,16,32,100,0,0,0,0,3,2,6089.2413333333,0.9122931386
lf-6/lf221,64,16,32,10,64,16,16,86,3,2,7321.5066666667,0.9219801889
lf-6/lf222,64,16,32,10,64,16,16,50,3,2,7507.7466666667,0.920861181
lf-6/lf223,64,16,32,10,64,16,8,86,3,2,7115.3686666667,0.9381951907
lf-6/lf224,64,16,32,10,64,16,8,50,3,2,7219.2426666667,0.918789334
lf-6/lf225,64,16,32,10,64,8,16,86,3,2,7383.3213333333,0.9257326227
lf-6/lf226,64,16,32,10,64,8,16,50,3,2,7256.454,0.9291122783
lf-6/lf227,64,16,32,10,64,8,8,86,3,2,7149.3093333333,0.9143849336
lf-6/lf228,64,16,32,10,64,8,8,50,3,2,7252.5706666667,0.9438670733
lf-6/lf229,64,16,32,10,32,16,16,86,3,2,6937.6146666667,0.928360043
lf-6/lf230,64,16,32,10,32,16,16,50,3,2,6732.626,0.8969564436
lf-6/lf231,64,16,32,10,32,16,8,86,3,2,6929.186,0.9237176089
lf-6/lf232,64,16,32,10,32,16,8,50,3,2,6688.5973333333,0.92540373
lf-6/lf233,64,16,32,10,32,8,16,86,3,2,6854.7046666667,0.9193943803
lf-6/lf234,64,16,32,10,32,8,16,50,3,2,6658.4913333333,0.9483694619
lf-6/lf235,64,16,32,10,32,8,8,86,3,2,6749.0493333333,0.9441865758
lf-6/lf236,64,16,32,10,32,8,8,50,3,2,6578.7166666667,0.9320013343
lf-6/lf237,64,16,32,10,0,0,0,0,3,2,5930.4333333333,0.9204288299
lf-6/lf238,64,16,16,100,64,16,16,86,3,2,7496.178,0.8193452029
lf-6/lf239,64,16,16,100,64,16,16,50,3,2,10355.4393333333,0.8777352981
lf-6/lf240,64,16,16,100,64,16,8,86,3,2,7307.9633333333,0.8015951001
lf-6/lf241,64,16,16,100,64,16,8,50,3,2,7317.5386666667,0.8484375773
lf-6/lf242,64,16,16,100,64,8,16,86,3,2,7053.6753333333,0.866936436
lf-6/lf243,64,16,16,100,64,8,16,50,3,2,7276.0806666667,0.8910030638
lf-6/lf244,64,16,16,100,64,8,8,86,3,2,7091.3286666667,0.8429960569
lf-6/lf245,64,16,16,100,64,8,8,50,3,2,6805.866,0.8593018616
lf-6/lf246,64,16,16,100,32,16,16,86,3,2,6451.3313333333,0.8293103549
lf-6/lf247,64,16,16,100,32,16,16,50,3,2,7122.1233333333,0.8442640426
lf-6/lf248,64,16,16,100,32,16,8,86,3,2,6721.7933333333,0.775347144
lf-6/lf249,64,16,16,100,32,16,8,50,3,2,6865.8006666667,0.8280153759
lf-6/lf250,64,16,16,100,32,8,16,86,3,2,6696.476,0.9026152703
lf-6/lf251,64,16,16,100,32,8,16,50,3,2,6871.528,0.779406001
lf-6/lf252,64,16,16,100,32,8,8,86,3,2,6328.4786666667,0.8063630639
lf-6/lf253,64,16,16,100,32,8,8,50,3,2,6721.9253333333,0.8623927964
lf-6/lf254,64,16,16,100,0,0,0,0,3,2,6495.5633333333,0.81428011
lf-6/lf255,64,16,16,10,64,16,16,86,3,2,8111.314,0.8773529971
lf-6/lf256,64,16,16,10,64,16,16,50,3,2,7911.1833333333,0.9271802606
lf-6/lf257,64,16,16,10,64,16,8,86,3,2,7149.7086666667,0.828467553
lf-6/lf258,64,16,16,10,64,16,8,50,3,2,7938.9413333333,0.8169053812
lf-6/lf259,64,16,16,10,64,8,16,86,3,2,7100.2713333333,0.9202742387
lf-6/lf260,64,16,16,10,64,8,16,50,3,2,7933.1293333333,0.816994604
lf-6/lf261,64,16,16,10,64,8,8,86,3,2,7051.61,0.8605582663
lf-6/lf262,64,16,16,10,64,8,8,50,3,2,7281.4313333333,0.8616909387
lf-6/lf263,64,16,16,10,32,16,16,86,3,2,7620.834,0.877028214
lf-6/lf264,64,16,16,10,32,16,16,50,3,2,7824.606,0.8517485584
lf-6/lf265,64,16,16,10,32,16,8,86,3,2,7608.204,0.8931835344
lf-6/lf266,64,16,16,10,32,16,8,50,3,2,7039.8733333333,0.8557992864
lf-6/lf267,64,16,16,10,32,8,16,86,3,2,7707.81,0.8489039685
lf-6/lf268,64,16,16,10,32,8,16,50,3,2,7196.5513333333,0.8065097295
lf-6/lf269,64,16,16,10,32,8,8,86,3,2,7397.33,0.9015056966
lf-6/lf270,64,16,16,10,32,8,8,50,3,2,7342.8066666667,0.8412037453
lf-6/lf271,64,16,16,10,0,0,0,0,3,2,6306.2653333333,0.8577413375
